name,zipcode,district
Abertamy,36235,Karlovy Vary
Adamov 1,67904,Blansko
Albrechtice nad Orlicí,51722,Rychnov nad Kněžnou
Albrechtice nad Vltavou,39816,Písek
Albrechtice u Českého Těšína,73543,Karviná
Albrechtice v Jizerských horách,46843,Jablonec nad Nisou
Albrechtičky,74255,Nový Jičín
Archlebov,69633,Hodonín
Arnoltice u Děčína,40714,Děčín
Aš 1,35201,Cheb
Babice u Uherského Hradiště,68703,Uherské Hradiště
Bakov nad Jizerou,29401,Mladá Boleslav
Bánov u Uherského Brodu,68754,Uherské Hradiště
Bartošovice na Moravě,74254,Nový Jičín
Baška,73901,Frýdek-Místek
Batelov,58851,Jihlava
Batňovice,54237,Trutnov
Bavorov,38773,Strakonice
Bechlín,41186,Litoměřice
Bechyně,39165,Tábor
Bechyně,39165,České Budějovice
Bečov nad Teplou,36464,Karlovy Vary
Bečov nad Teplou,36464,Sokolov
Bečov u Mostu,43526,Most
Bečváry,28143,Kolín
Bedihošť,79821,Prostějov
Bedřichov,46812,Jablonec nad Nisou
Bělá nad Radbuzou,34526,Domažlice
Bělá nad Svitavou,56905,Svitavy
Bělá pod Bezdězem,29421,Mladá Boleslav
Bělčice,38743,Strakonice
Bělotín,75364,Přerov
Benátky nad Jizerou 1,29471,Mladá Boleslav
Benecko,51237,Semily
Benešov nad Černou,38282,Český Krumlov
Benešov nad Ploučnicí,40722,Děčín
Benešov u Boskovic,67953,Blansko
Benešov u Prahy,25601,Benešov
Benešov u Semil,51206,Semily
Bernartice u Javorníka,79057,Jeseník
Bernartice u Milevska,39843,Písek
Bernartice u Trutnova,54204,Trutnov
Beroun 1,26601,Beroun
Běrunice,28908,Nymburk
Besednice,38281,Český Krumlov
Běstvina,53845,Chrudim
Bezděkov nad Metují,54964,Náchod
Bezdružice,34953,Tachov
Bezno,29429,Mladá Boleslav
Bezvěrov,33041,Plzeň-sever
Bílá Třemešná,54472,Trutnov
Bílá Voda u Javorníka,79069,Jeseník
Bílé Podolí,28572,Kutná Hora
Bílina 1,41801,Teplice
Bílina 4,41804,Teplice
Bílovec 1,74301,Nový Jičín
Bílovec 1,74301,Ostrava-město
Bílovec 1,74301,Opava
Bílovec 5,74292,Nový Jičín
Bílovice nad Svitavou,66401,Brno-venkov
Bílovice u Uherského Hradiště,68712,Uherské Hradiště
Biskupice u Luhačovic,76341,Zlín
Blansko 1,67801,Blansko
Blatná,38801,Strakonice
Blatnice pod Svatým Antonínkem,69671,Hodonín
Blatnice u Plzně,33025,Plzeň-sever
Blatno u Podbořan,43984,Louny
Blažejov,37852,Jindřichův Hradec
Blažovice,66408,Brno-venkov
Blížejov,34545,Domažlice
Blíževedly,47104,Česká Lípa
Blížkovice,67155,Znojmo
Blovice,33601,Plzeň-jih
Blšany,43988,Louny
Blučina,66456,Brno-venkov
Bludov,78961,Šumperk
Bobnice,28931,Nymburk
Bobrová,59255,Žďár nad Sázavou
Bochov,36471,Karlovy Vary
Bohdalice,68341,Vyškov
Bohdalín,39491,Pelhřimov
Bohdalov,59213,Žďár nad Sázavou
Bohdaneč u Zbraslavic,28525,Kutná Hora
Bohdíkov,78964,Šumperk
Bohumín 1,73581,Karviná
Bohumín 3,73531,Karviná
Bohumín 4,73552,Karviná
Bohumín 5,73551,Karviná
Bohuňovice,78314,Olomouc
Bohuslavice nad Metují,54906,Náchod
Bohuslavice u Hlučína,74719,Opava
Bohuslavice u Konice,79856,Prostějov
Bohuslavice u Zlína,76351,Zlín
Bohušovice nad Ohří,41156,Litoměřice
Bohutín,26241,Příbram
Bojanov,53826,Chrudim
Bojkovice,68771,Uherské Hradiště
Bolatice,74723,Opava
Boleboř,43121,Chomutov
Bolehošť,51731,Rychnov nad Kněžnou
Boleradice,69112,Břeclav
Bor u Tachova,34802,Tachov
Borek,37367,České Budějovice
Bořetice u Hustopečí,69108,Břeclav
Borkovany,69175,Břeclav
Borohrádek,51724,Rychnov nad Kněžnou
Borotice,26215,Příbram
Borotín u Boskovic,67937,Blansko
Borotín u Tábora,39135,Tábor
Borová Lada,38492,Prachatice
Borová u Poličky,56982,Svitavy
Borová u Poličky,56982,Chrudim
Borovany,37312,České Budějovice
Borovnice,54477,Trutnov
Boršice u Blatnice,68763,Uherské Hradiště
Boršice u Buchlovic,68709,Uherské Hradiště
Boršov nad Vltavou,37382,České Budějovice
Bory,59461,Žďár nad Sázavou
Boskovice,68001,Blansko
Bouzov,78325,Olomouc
Božanov,54974,Náchod
Božejov,39461,Pelhřimov
Boží Dar,36262,Karlovy Vary
Božice,67164,Znojmo
Bozkov,51213,Semily
Braňany,43522,Most
Brandov,43547,Most
Brandýs nad Labem-Stará Boleslav 1,25001,Praha-východ
Brandýs nad Labem-Stará Boleslav 1,25001,Mělník
Brandýs nad Orlicí,56112,Ústí nad Orlicí
Brandýsek,27341,Kladno
Branišovice,67177,Brno-venkov
Branky,75645,Vsetín
Brantice,79393,Bruntál
Břasy 1,33824,Rokycany
Bratříkov,46821,Jablonec nad Nisou
Bratronice,27363,Kladno
Bravantice,74281,Nový Jičín
Břeclav 2,69002,Břeclav
Břeclav 3,69003,Břeclav
Břeclav 4,69141,Břeclav
Břeclav 6,69006,Břeclav
Břest,76823,Kroměříž
Břežany u Znojma,67165,Znojmo
Březí u Mikulova,69181,Břeclav
Březina u Moravské Třebové,56923,Svitavy
Březnice,26272,Příbram
Březnice u Bechyně,39171,Tábor
Březník,67574,Třebíč
Březno u Chomutova,43145,Chomutov
Březno u Mladé Boleslavě,29406,Mladá Boleslav
Březolupy,68713,Uherské Hradiště
Březová nad Svitavou,56902,Svitavy
Březová u Uherského Brodu,68767,Uherské Hradiště
Březová u Vítkova,74744,Opava
Březovice u Mladé Boleslavě,29424,Mladá Boleslav
Březůvky,76345,Zlín
Břidličná,79351,Bruntál
Břidličná,79351,Olomouc
Brloh,38206,Český Krumlov
Brněnec,56904,Svitavy
Brníčko u Zábřeha,78975,Šumperk
Brniště,47129,Česká Lípa
Brno 12,61200,Brno-město
Brno 13,61300,Brno-město
Brno 14,61400,Brno-město
Brno 15,61500,Brno-město
Brno 16,61600,Brno-město
Brno 17,61700,Brno-město
Brno 18,61800,Brno-město
Brno 19,61900,Brno-město
Brno 2,60200,Brno-město
Brno 20,62000,Brno-město
Brno 21,62100,Brno-město
Brno 23,62300,Brno-město
Brno 24,62400,Brno-město
Brno 25,62500,Brno-město
Brno 27,62700,Brno-město
Brno 27,62700,Brno-venkov
Brno 28,62800,Brno-město
Brno 3,60300,Brno-město
Brno 34,63400,Brno-město
Brno 35,63500,Brno-město
Brno 36,63600,Brno-město
Brno 37,63700,Brno-město
Brno 38,63800,Brno-město
Brno 39,63900,Brno-město
Brno 41,64100,Brno-město
Brno 42,64200,Brno-město
Brno 43,64300,Brno-město
Brno 44,64400,Brno-město
Brodce nad Jizerou,29473,Mladá Boleslav
Brodek u Konice,79846,Prostějov
Brodek u Přerova,75103,Přerov
Brodek u Přerova,75103,Olomouc
Brodek u Prostějova,79807,Prostějov
Broumov 1,55001,Náchod
Broumy,26742,Beroun
Brozany nad Ohří,41181,Litoměřice
Brtnice,58832,Jihlava
Brumov-Bylnice,76331,Zlín
Brumov-Bylnice 3,76334,Zlín
Brumovice na Moravě,69111,Břeclav
Brumovice u Opavy,74771,Opava
Bruntál 1,79201,Bruntál
Brušperk,73944,Frýdek-Místek
Buchlovice,68708,Uherské Hradiště
Bučovice,68501,Vyškov
Bučovice,68501,Hodonín
Budeč,37892,Jindřichův Hradec
Budíškovice,37891,Jindřichův Hradec
Budislav u Litomyšle,56965,Svitavy
Budišov nad Budišovkou,74787,Opava
Budišov u Třebíče,67503,Třebíč
Budišov u Třebíče,67503,Jihlava
Budkov,67542,Třebíč
Budyně nad Ohří,41118,Litoměřice
Bukovany u Hodonína,69631,Hodonín
Bukovany u Sokolova,35755,Sokolov
Bukovec,73985,Frýdek-Místek
Bulhary,69189,Břeclav
Buštěhrad,27343,Kladno
Bylany,53801,Chrudim
Byšice,27732,Mělník
Býšť,53322,Pardubice
Bystřany,41761,Teplice
Bystré u Poličky,56992,Svitavy
Bystřec,56154,Ústí nad Orlicí
Bystřice nad Olší,73995,Frýdek-Místek
Bystřice nad Pernštejnem,59301,Žďár nad Sázavou
Bystřice nad Pernštejnem,59301,Blansko
Bystřice pod Hostýnem 1,76861,Kroměříž
Bystřice pod Hostýnem 1,76861,Zlín
Bystřice pod Hostýnem 7,76841,Kroměříž
Bystřice pod Hostýnem 7,76841,Zlín
Bystřice pod Lopeníkem,68755,Uherské Hradiště
Bystřice u Benešova,25751,Benešov
Bystřička,75624,Vsetín
Bzenec,69681,Hodonín
Bzová u Hořovic,26743,Beroun
Čachovice u Mladé Boleslavě,29443,Mladá Boleslav
Čáslav,28601,Kutná Hora
Čáslavice,67524,Třebíč
Častolovice,51750,Rychnov nad Kněžnou
Častrov,39463,Pelhřimov
Čebín,66423,Brno-venkov
Čechtice,25765,Benešov
Čechtín,67507,Třebíč
Čechy pod Kosířem,79858,Prostějov
Cehnice,38752,Strakonice
Čejč,69614,Hodonín
Čejkovice,69615,Hodonín
Čeladná,73912,Frýdek-Místek
Čelákovice,25088,Praha-východ
Čelechovice na Hané,79816,Prostějov
Čepí,53332,Pardubice
Čepřovice,38756,Strakonice
Čerčany,25722,Benešov
Cerekvice nad Bystřicí,50777,Jičín
Cerekvice nad Loučnou,56953,Svitavy
Cerhenice,28102,Kolín
Cerhovice,26761,Beroun
Čermná nad Orlicí,51725,Rychnov nad Kněžnou
Čermná u Vrchlabí,54377,Trutnov
Černá Hora,67921,Blansko
Černá v Pošumaví,38223,Český Krumlov
Černá Voda,79054,Jeseník
Černčice,43901,Louny
Černíkovice,51704,Rychnov nad Kněžnou
Černilov,50343,Hradec Králové
Černošice,25228,Praha-západ
Černošice,25228,Hlavní město Praha
Černošín,34958,Tachov
Černotín,75368,Přerov
Černovice u Tábora,39494,Pelhřimov
Černožice nad Labem,50304,Hradec Králové
Černuc,27323,Kladno
Černý Důl,54344,Trutnov
Červená Řečice,39446,Pelhřimov
Červená Voda 1,56161,Ústí nad Orlicí
Červené Janovice,28542,Kutná Hora
Červené Pečky,28121,Kolín
Červený Kostelec,54941,Náchod
Červený Kostelec,54941,Trutnov
Červený Újezd u Votic,25788,Benešov
Červený Újezd u Votic,25788,Příbram
Česká Bělá,58261,Havlíčkův Brod
Česká Čermná,54921,Náchod
Česká Kamenice,40721,Děčín
Česká Kubice,34532,Domažlice
Česká Lípa 1,47001,Česká Lípa
Česká Lípa 2,47002,Česká Lípa
Česká Lípa 6,47006,Česká Lípa
Česká Metuje,54956,Náchod
Česká Rybná u Žamberka,56185,Ústí nad Orlicí
Česká Skalice,55203,Náchod
Česká Třebová 2,56002,Ústí nad Orlicí
Česká Třebová 2,56002,Svitavy
Česká Ves,79081,Jeseník
České Budějovice 1,37001,České Budějovice
České Budějovice 10,37010,České Budějovice
České Budějovice 11,37011,České Budějovice
České Budějovice 4,37004,České Budějovice
České Budějovice 5,37005,České Budějovice
České Budějovice 6,37006,České Budějovice
České Budějovice 7,37007,České Budějovice
České Budějovice 8,37008,České Budějovice
České Heřmanice,56552,Ústí nad Orlicí
České Meziříčí,51771,Rychnov nad Kněžnou
České Meziříčí,51771,Hradec Králové
České Velenice,37810,Jindřichův Hradec
Český Brod,28201,Kolín
Český Dub,46343,Liberec
Český Krumlov 1,38101,Český Krumlov
Český Rudolec,37883,Jindřichův Hradec
Český Těšín 1,73701,Karviná
Český Těšín 6,73562,Karviná
Čestice,38719,Strakonice
Čestín,28510,Kutná Hora
Cetkovice,67938,Blansko
Cetoraz,39411,Pelhřimov
Chabařovice,40317,Ústí nad Labem
Chabařovice,40317,Teplice
Chbany,43157,Chomutov
Chcebuz,41173,Litoměřice
Cheb 2,35002,Cheb
Cheznovice,33806,Rokycany
Chleny,51745,Rychnov nad Kněžnou
Chlum u Třeboně,37804,Jindřichův Hradec
Chlumčany u Loun,43903,Louny
Chlumčany u Přeštic,33442,Plzeň-jih
Chlumec nad Cidlinou,50351,Hradec Králové
Chlumec nad Cidlinou,50351,Nymburk
Chlumec u Ústí nad Labem,40339,Ústí nad Labem
Chlumín,27743,Mělník
Choceň 1,56501,Ústí nad Orlicí
Chocerady,25724,Benešov
Chodouny,41171,Litoměřice
Chodov u Karlových Var 1,35735,Sokolov
Chodov u Karlových Var 1,35735,Karlovy Vary
Chodová Planá,34813,Tachov
Cholina,78322,Olomouc
Choltice,53361,Pardubice
Chomutice u Hořic v Podkrkonoší,50753,Jičín
Chomutov 1,43001,Chomutov
Chomutov 3,43003,Chomutov
Chomutov 4,43004,Chomutov
Chornice,56942,Svitavy
Chorušice,27737,Mělník
Choryně,75642,Vsetín
Chotěboř,58301,Havlíčkův Brod
Chotěbuz,73561,Karviná
Chotěšov,33214,Plzeň-jih
Chotětov,29428,Mladá Boleslav
Chotěvice,54376,Trutnov
Chotíkov,33017,Plzeň-sever
Chotoviny,39137,Tábor
Chotusice,28576,Kutná Hora
Chotýčany u Českých Budějovic,37362,České Budějovice
Chotýšany,25728,Benešov
Choustník,39118,Tábor
Choustníkovo Hradiště,54442,Trutnov
Chožov,43922,Louny
Chrast u Chrudimě,53851,Chrudim
Chrást u Plzně,33003,Plzeň-město
Chrášťany u Týna nad Vltavou,37304,České Budějovice
Chrastava,46331,Liberec
Chřešťovice,39817,Písek
Chřibská,40744,Děčín
Chroboly,38404,Prachatice
Chropyně,76811,Kroměříž
Chroustovice,53863,Chrudim
Chroustovice,53863,Ústí nad Orlicí
Chrudim 1,53701,Chrudim
Chrudim 3,53703,Chrudim
Chrudim 5,53705,Chrudim
Chuchelná,74724,Opava
Chudobín,78321,Olomouc
Chvalčov,76872,Kroměříž
Chvaleč,54211,Trutnov
Chválenice,33205,Plzeň-město
Chvaletice,53312,Pardubice
Chválkov u Kamenice nad Lipou,39493,Pelhřimov
Chvalkovice v Čechách,55204,Náchod
Chvalšiny,38208,Český Krumlov
Chyňava,26707,Beroun
Chyňava,26707,Kladno
Chýnov,39155,Tábor
Chyše,36453,Karlovy Vary
Chyšky,39853,Písek
Číčenice,38771,Strakonice
Číhošť,58287,Havlíčkův Brod
Čikov,67578,Třebíč
Čimelice,39804,Písek
Číměř,37832,Jindřichův Hradec
Církvice u Kutné Hory,28533,Kutná Hora
Čisovice,25204,Praha-západ
Čistá u Horek,51235,Semily
Čistá u Litomyšle,56956,Svitavy
Čistá u Mladé Boleslavě,29423,Mladá Boleslav
Čistá u Rakovníka,27034,Rakovník
Cítoliby,43902,Louny
Citonice,67101,Znojmo
Cítov,27704,Mělník
Čížkov u Blovic,33564,Plzeň-jih
Čížkovice,41112,Litoměřice
Čížová,39831,Písek
Čkyně,38481,Prachatice
Člunek,37861,Jindřichův Hradec
Cotkytle,56132,Ústí nad Orlicí
Cvikov,47154,Česká Lípa
Dačice,38001,Jindřichův Hradec
Dačice,38001,Třebíč
Dalečín,59241,Žďár nad Sázavou
Dalešice,67554,Třebíč
Dalovice,36263,Karlovy Vary
Dambořice,69635,Hodonín
Damníkov,56123,Ústí nad Orlicí
Darkovice,74717,Opava
Dašice v Čechách,53303,Pardubice
Davle,25206,Praha-západ
Deblín,66475,Brno-venkov
Děčín 2,40502,Děčín
Děčín 5,40505,Děčín
Děčín 9,40711,Děčín
Děhylov,74794,Opava
Dešná u Dačic,37873,Jindřichův Hradec
Desná v Jizerských horách,46861,Jablonec nad Nisou
Dešov,67533,Třebíč
Deštná u Jindřichova Hradce,37825,Jindřichův Hradec
Deštné v Orlických horách,51791,Rychnov nad Kněžnou
Dětenice,50724,Jičín
Dětmarovice,73571,Karviná
Dětřichov nad Bystřicí,79303,Bruntál
Dírná,39127,Tábor
Diváky,69171,Břeclav
Dívčice,37348,České Budějovice
Divišov,25726,Benešov
Dlouhá Lhota u Mladé Boleslavě,29405,Mladá Boleslav
Dlouhá Loučka,78386,Olomouc
Dlouhá Loučka,78386,Bruntál
Dlouhá Třebová,56117,Ústí nad Orlicí
Dnešice,33443,Plzeň-jih
Dobkovice u Děčína,40703,Děčín
Dobrá,73951,Frýdek-Místek
Dobrá Voda u Českých Budějovic,37316,České Budějovice
Dobrá Voda u Hořic,50773,Jičín
Dobranov,47121,Česká Lípa
Dobřany,33441,Plzeň-jih
Dobré,51793,Rychnov nad Kněžnou
Dobřenice,50325,Hradec Králové
Dobříč,33005,Plzeň-sever
Dobřichovice,25229,Praha-západ
Dobříš,26301,Příbram
Dobřív,33844,Rokycany
Dobrná,40741,Děčín
Dobromilice,79825,Prostějov
Dobronín,58812,Jihlava
Dobrovice,29441,Mladá Boleslav
Dobruška,51801,Rychnov nad Kněžnou
Dobšice,67182,Znojmo
Dohalice,50313,Hradec Králové
Doksany,41182,Litoměřice
Doksy,47201,Česká Lípa
Doksy u Kladna,27364,Kladno
Dolany u Olomouce,78316,Olomouc
Dolní Bečva,75655,Vsetín
Dolní Bělá,33152,Plzeň-sever
Dolní Benešov,74722,Opava
Dolní Beřkovice,27701,Mělník
Dolní Bojanovice,69617,Hodonín
Dolní Bousov,29404,Mladá Boleslav
Dolní Bousov,29404,Jičín
Dolní Branná,54362,Trutnov
Dolní Břežany,25241,Praha-západ
Dolní Bukovsko,37365,České Budějovice
Dolní Cerekev,58845,Jihlava
Dolní Čermná,56153,Ústí nad Orlicí
Dolní Cetno,29430,Mladá Boleslav
Dolní Dobrouč,56102,Ústí nad Orlicí
Dolní Domaslavice,73938,Frýdek-Místek
Dolní Dunajovice,69185,Břeclav
Dolní Dvořiště,38272,Český Krumlov
Dolní Dvůr,54342,Trutnov
Dolní Hbity,26262,Příbram
Dolní Kalná,54374,Trutnov
Dolní Kounice,66464,Brno-venkov
Dolní Kralovice,25768,Benešov
Dolní Kralovice,25768,Kutná Hora
Dolní Krupá u Havlíčkova Brodu,58271,Havlíčkův Brod
Dolní Lhota,74766,Ostrava-město
Dolní Lhota u Luhačovic,76323,Zlín
Dolní Loučky,59455,Brno-venkov
Dolní Lukavice,33444,Plzeň-jih
Dolní Lutyně,73553,Karviná
Dolní Město,58233,Havlíčkův Brod
Dolní Němčí,68762,Uherské Hradiště
Dolní Olešnice,54375,Trutnov
Dolní Podluží,40755,Děčín
Dolní Poustevna,40782,Děčín
Dolní Přím,50316,Hradec Králové
Dolní Radechová,54911,Náchod
Dolní Ředice,53375,Pardubice
Dolní Roveň,53371,Pardubice
Dolní Rožínka,59251,Žďár nad Sázavou
Dolní Rychnov,35604,Sokolov
Dolní Slivno,29478,Mladá Boleslav
Dolní Studénky,78820,Šumperk
Dolní Třebonín,38201,Český Krumlov
Dolní Újezd u Lipníka nad Bečvou,75123,Přerov
Dolní Újezd u Litomyšle,56961,Svitavy
Dolní Věstonice,69129,Břeclav
Dolní Zálezly,40301,Ústí nad Labem
Dolní Žandov,35493,Cheb
Dolní Životice,74756,Opava
Doloplazy,78356,Olomouc
Domamil,67543,Třebíč
Domanín,69683,Hodonín
Domašov nad Bystřicí,78306,Olomouc
Domašov u Brna,66483,Brno-venkov
Domaželice u Přerova,75115,Přerov
Domažlice 1,34401,Domažlice
Domoušice,43968,Louny
Domousnice,29448,Mladá Boleslav
Doubrava,73533,Karviná
Doubravice nad Svitavou,67911,Blansko
Doubravice u Dvora Králové n/Labem,54451,Trutnov
Doubravice u Strakonic,38735,Strakonice
Doubravník,59261,Brno-venkov
Doudleby nad Orlicí,51742,Rychnov nad Kněžnou
Dožice,33543,Plzeň-jih
Drahany,79861,Prostějov
Drahenice,26285,Příbram
Drásov,66424,Brno-venkov
Dražice,39131,Tábor
Dřevohostice,75114,Přerov
Dřísy,27714,Praha-východ
Dřísy,27714,Mělník
Dříteč,53305,Pardubice
Dříteň,37351,České Budějovice
Drnholec,69183,Břeclav
Drnovice,68304,Vyškov
Drnovice u Lysic,67976,Blansko
Droužkovice,43144,Chomutov
Družec,27362,Kladno
Druztová,33007,Plzeň-sever
Držkov,46824,Jablonec nad Nisou
Držovice,79607,Prostějov
Dub nad Moravou,78375,Olomouc
Dub u Prachatic,38425,Prachatice
Dubá,47141,Česká Lípa
Dubenec u Dvora Králové nad Labem,54455,Trutnov
Dubí,41702,Teplice
Dubí u Teplic 1,41701,Teplice
Dubicko,78972,Šumperk
Dublovice,26251,Příbram
Dubňany,69603,Hodonín
Dubné,37384,České Budějovice
Dubnice pod Ralskem,47126,Česká Lípa
Duchcov,41901,Teplice
Dukovany,67556,Třebíč
Dukovany-elektrárna,67550,Třebíč
Dušejov,58805,Jihlava
Dvorce u Bruntálu,79368,Bruntál
Dvory nad Lužnicí,37808,Jindřichův Hradec
Dvůr Králové nad Labem,54401,Trutnov
Dvůr Králové nad Labem,54401,Náchod
Dyjákovice,67126,Znojmo
Dymokury,28901,Nymburk
Dynín,37364,České Budějovice
Dýšina,33002,Plzeň-město
Francova Lhota,75614,Vsetín
Františkov nad Ploučnicí,40723,Děčín
Františkovy Lázně,35101,Cheb
Frenštát pod Radhoštěm,74401,Nový Jičín
Fryčovice,73945,Frýdek-Místek
Frýdek-Místek 1,73801,Frýdek-Místek
Frýdek-Místek 8,73942,Frýdek-Místek
Frýdlant nad Ostravicí,73911,Frýdek-Místek
Frýdlant v Čechách,46401,Liberec
Frymburk,38279,Český Krumlov
Fryšava pod Žákovou horou,59204,Žďár nad Sázavou
Fryšták,76316,Zlín
Fulnek 1,74245,Nový Jičín
Golčův Jeníkov,58282,Havlíčkův Brod
Grešlové Mýto,67156,Znojmo
Grygov,78373,Olomouc
Habartice u Frýdlantu,46373,Liberec
Habartov,35709,Sokolov
Habry,58281,Havlíčkův Brod
Háj u Duchcova,41722,Teplice
Háj ve Slezsku,74792,Opava
Hajnice,54466,Trutnov
Halenkov,75603,Vsetín
Halenkovice,76363,Zlín
Hamr u České Lípy,47128,Česká Lípa
Hanušovice,78833,Šumperk
Hanušovice,78833,Ústí nad Orlicí
Harrachov v Krkonoších,51246,Semily
Hartvíkovice,67576,Třebíč
Hať u Hlučína,74716,Opava
Havířov 1,73601,Karviná
Havířov 1,73601,Frýdek-Místek
Havířov 4,73564,Karviná
Havlíčkova Borová,58223,Havlíčkův Brod
Havlíčkův Brod 1,58001,Havlíčkův Brod
Havraň,43501,Most
Hazlov,35132,Cheb
Hejnice,46362,Liberec
Herálec pod Žákovou horou,59201,Žďár nad Sázavou
Herálec u Havlíčkova Brodu,58255,Havlíčkův Brod
Heřmanice nad Labem,55212,Náchod
Heřmaničky,25789,Benešov
Heřmaničky,25789,Příbram
Heřmánkovice,54984,Náchod
Heřmanova Huť,33024,Plzeň-sever
Heřmanovice,79374,Bruntál
Heřmanův Městec,53803,Chrudim
Hevlín,67169,Znojmo
Hladké Životice,74247,Nový Jičín
Hlavatce,39173,Tábor
Hlavečník,53315,Pardubice
Hlavnice,74752,Opava
Hlinsko v Čechách 1,53901,Chrudim
Hlinsko v Čechách 1,53901,Havlíčkův Brod
Hlinsko v Čechách 3,53962,Chrudim
Hlízov,28532,Kutná Hora
Hlohovec u Břeclavě,69143,Břeclav
Hlubočky 1,78361,Olomouc
Hlubočky 3,78365,Olomouc
Hluboká nad Vltavou,37341,České Budějovice
Hluboké Mašůvky,67152,Znojmo
Hluboš,26222,Příbram
Hlučín,74801,Opava
Hluk,68725,Uherské Hradiště
Hlušice,50356,Hradec Králové
Hnátnice,56101,Ústí nad Orlicí
Hněvkovice u Ledče nad Sázavou,58294,Havlíčkův Brod
Hněvošice,74735,Opava
Hněvotín,78347,Olomouc
Hnojník,73953,Frýdek-Místek
Hobšovice,27321,Kladno
Hodkovice nad Mohelkou,46342,Jablonec nad Nisou
Hodkovice nad Mohelkou,46342,Liberec
Hodonice,67125,Znojmo
Hodonín 1,69501,Hodonín
Hodov,67504,Třebíč
Hodslavice,74271,Nový Jičín
Holčovice,79371,Bruntál
Holešov,76901,Kroměříž
Holetín,53971,Chrudim
Holice v Čechách,53401,Pardubice
Holice v Čechách,53401,Ústí nad Orlicí
Holoubkov,33801,Rokycany
Holubice,68351,Vyškov
Holýšov,34562,Domažlice
Hora Svaté Kateřiny,43546,Most
Hora Svatého Šebestiána,43182,Chomutov
Horažďovice,34101,Klatovy
Hořepník,39421,Pelhřimov
Hořesedly,27004,Rakovník
Hořice na Šumavě,38222,Český Krumlov
Hořice v Podkrkonoší,50801,Jičín
Hořice v Podkrkonoší,50801,Hradec Králové
Hořičky,55205,Náchod
Hořiněves,50306,Hradec Králové
Horka nad Moravou,78335,Olomouc
Horka u Staré Paky,51234,Semily
Horní Adršpach,54952,Náchod
Horní Bečva,75657,Vsetín
Horní Benešov,79312,Bruntál
Horní Benešov,79312,Opava
Horní Beřkovice,41185,Litoměřice
Horní Bludovice,73937,Karviná
Horní Bludovice,73937,Frýdek-Místek
Horní Bradlo,53953,Chrudim
Horní Branná,51236,Semily
Horní Bříza,33012,Plzeň-sever
Horní Brusnice,54474,Trutnov
Horní Cerekev,39403,Pelhřimov
Horní Čermná,56156,Ústí nad Orlicí
Horní Dubenky,58852,Jihlava
Horní Dunajovice,67134,Znojmo
Horní Dvořiště,38293,Český Krumlov
Horní Heřmanice v Čechách,56133,Ústí nad Orlicí
Horní Jelení,53374,Pardubice
Horní Jiřetín,43543,Most
Horní Kruty,28146,Kolín
Horní Libchava u České Lípy,47111,Česká Lípa
Horní Lideč,75612,Vsetín
Horní Loděnice,78305,Olomouc
Horní Maršov,54226,Trutnov
Horní Město,79344,Bruntál
Horní Moštěnice,75117,Přerov
Horní Němčí,68764,Uherské Hradiště
Horní Pěna,37831,Jindřichův Hradec
Horní Planá,38226,Český Krumlov
Horní Počaply,27703,Mělník
Horní Podluží,40757,Děčín
Horní Police,47106,Česká Lípa
Horní Radechová,54946,Náchod
Horní Slavkov,35731,Sokolov
Horní Štěpánov,79847,Prostějov
Horní Stropnice,37335,České Budějovice
Horní Suchá,73535,Karviná
Horní Vltavice,38491,Prachatice
Horoměřice,25262,Praha-západ
Hořovice,26801,Beroun
Horšice,33455,Plzeň-jih
Horšovský Týn,34601,Domažlice
Horušice,28573,Kutná Hora
Hospozín,27322,Kladno
Hošťálková u Vsetína,75622,Vsetín
Hostěradice,67171,Znojmo
Hostim,67154,Znojmo
Hostinné,54371,Trutnov
Hostivice,25301,Praha-západ
Hoštka u Roudnice nad Labem,41172,Litoměřice
Hostomice nad Bílinou,41752,Teplice
Hostomice pod Brdy,26724,Beroun
Hostouň u Horšovského Týna,34525,Domažlice
Hostouň u Prahy,27353,Kladno
Hostovlice u Čáslavě,28562,Kutná Hora
Hovězí,75601,Vsetín
Hovorany,69612,Hodonín
Hrabětice,67168,Znojmo
Hrabišín,78804,Šumperk
Hrabyně 1,74763,Opava
Hrabyně 3,74767,Opava
Hradčovice,68733,Uherské Hradiště
Hradec Králové 11,50011,Hradec Králové
Hradec Králové 12,50012,Hradec Králové
Hradec Králové 15,50311,Hradec Králové
Hradec Králové 16,50301,Hradec Králové
Hradec Králové 2,50002,Hradec Králové
Hradec Králové 22,50332,Hradec Králové
Hradec Králové 3,50003,Hradec Králové
Hradec Králové 4,50004,Hradec Králové
Hradec Králové 6,50006,Hradec Králové
Hradec Králové 7,50341,Hradec Králové
Hradec Králové 8,50008,Hradec Králové
Hradec Králové 9,50009,Hradec Králové
Hradec nad Moravicí,74741,Opava
Hradec nad Svitavou,56901,Svitavy
Hradec u Stoda,33211,Plzeň-jih
Hrádek nad Nisou,46334,Liberec
Hrádek nad Olší,73997,Frýdek-Místek
Hrádek u Rokycan,33842,Rokycany
Hrádek u Znojma,67127,Znojmo
Hradištko,25209,Praha-západ
Hranice 1,75301,Přerov
Hranice 4,75361,Přerov
Hranice u Aše,35124,Cheb
Hrdějovice,37361,České Budějovice
Hřebeč,27345,Kladno
Hředle,27008,Rakovník
Hrejkovice,39859,Písek
Hřensko,40717,Děčín
Hřiměždice,26214,Příbram
Hříškov,43904,Louny
Hřivice,43965,Louny
Hrob,41704,Teplice
Hrobce,41183,Litoměřice
Hrobčice,41757,Teplice
Hrochův Týnec,53862,Chrudim
Hronov 1,54931,Náchod
Hronov 4,54934,Náchod
Hrotovice,67555,Třebíč
Hroznětín,36233,Karlovy Vary
Hroznová Lhota,69663,Hodonín
Hrubá Vrbka,69673,Hodonín
Hrušky,69156,Břeclav
Hrušová,56555,Ústí nad Orlicí
Hrušovany nad Jevišovkou,67167,Znojmo
Hrušovany u Brna,66462,Brno-venkov
Hrušovany u Chomutova,43143,Chomutov
Hudlice,26703,Beroun
Hukvaldy,73946,Frýdek-Místek
Hulín,76824,Kroměříž
Humpolec,39601,Pelhřimov
Husinec,38421,Prachatice
Huslenky,75602,Vsetín
Hustopeče nad Bečvou,75366,Přerov
Hustopeče u Brna,69301,Břeclav
Huť,46826,Jablonec nad Nisou
Hutisko-Solanec,75662,Vsetín
Hvozd u Prostějova,79855,Prostějov
Hvožďany,26244,Příbram
Hvozdná,76310,Zlín
Hvozdnice,25205,Praha-západ
Hýskov,26706,Beroun
Ivančice,66491,Brno-venkov
Ivanovice na Hané,68323,Vyškov
Jabkenice,29445,Mladá Boleslav
Jablonec nad Jizerou,51243,Semily
Jablonec nad Nisou 1,46601,Jablonec nad Nisou
Jablonec nad Nisou 2,46602,Jablonec nad Nisou
Jablonec nad Nisou 4,46604,Jablonec nad Nisou
Jablonec nad Nisou 5,46605,Jablonec nad Nisou
Jablonec nad Nisou 6,46606,Jablonec nad Nisou
Jablonec nad Nisou 7,46804,Jablonec nad Nisou
Jablonec nad Nisou 8,46801,Jablonec nad Nisou
Jablonné nad Orlicí,56164,Ústí nad Orlicí
Jablonné v Podještědí,47125,Liberec
Jablonné v Podještědí,47125,Česká Lípa
Jablůnka nad Bečvou,75623,Vsetín
Jablunkov,73991,Frýdek-Místek
Jáchymov,36251,Karlovy Vary
Jakartovice,74753,Opava
Jakubčovice nad Odrou,74236,Nový Jičín
Jalubí,68705,Uherské Hradiště
Jamné nad Orlicí,56165,Ústí nad Orlicí
Jamné u Jihlavy,58827,Jihlava
Jamné u Jihlavy,58827,Žďár nad Sázavou
Jámy,59232,Žďár nad Sázavou
Jankov,25703,Benešov
Janov nad Nisou,46811,Jablonec nad Nisou
Janov u Krnova,79384,Bruntál
Janov u Litomyšle,56955,Svitavy
Janovice nad Úhlavou,34021,Klatovy
Janovice u Rýmařova,79342,Bruntál
Janské Lázně,54225,Trutnov
Jaroměř 1,55101,Náchod
Jaroměř 3,55102,Náchod
Jaroměřice nad Rokytnou,67551,Třebíč
Jaroměřice u Jevíčka,56944,Svitavy
Jaroslavice,67128,Znojmo
Jarošov nad Nežárkou,37841,Jindřichův Hradec
Jarošov u Litomyšle,56966,Svitavy
Jasenná,55222,Náchod
Jasenná u Vizovic,76313,Zlín
Javornice,51711,Rychnov nad Kněžnou
Javorník u Jeseníku,79070,Jeseník
Jedlová u Poličky,56991,Svitavy
Jedovnice,67906,Blansko
Jemnice,67531,Třebíč
Jeneč,25261,Praha-západ
Jenišovice u Chrudimě,53864,Chrudim
Jenišovice u Jablonce nad Nisou,46833,Jablonec nad Nisou
Jenštejn,25073,Praha-východ
Jeřišno,58274,Havlíčkův Brod
Jersín,58825,Jihlava
Jesenice u Prahy,25242,Praha-západ
Jesenice u Rakovníka,27033,Rakovník
Jeseník 1,79001,Jeseník
Jeseník nad Odrou,74233,Nový Jičín
Jesenný,51212,Semily
Jestřebí,47161,Česká Lípa
Jetětice,39848,Písek
Jetřichovice u Děčína,40716,Děčín
Jevany,28166,Praha-východ
Jevíčko,56943,Svitavy
Jevišovice,67153,Znojmo
Ježov,69648,Hodonín
Jezvé,47108,Česká Lípa
Jičín 1,50601,Jičín
Jičín 1,50601,Semily
Jičíněves,50731,Jičín
Jihlava 1,58601,Jihlava
Jihlava 3,58603,Jihlava
Jilemnice,51401,Semily
Jílové u Děčína,40701,Děčín
Jílové u Prahy,25401,Praha-západ
Jílovice u Dobrušky,51772,Hradec Králové
Jílovice u Trhových Svin,37332,České Budějovice
Jíloviště,25202,Praha-západ
Jimramov,59242,Žďár nad Sázavou
Jince,26223,Příbram
Jindřichov u Krnova,79383,Bruntál
Jindřichov u Šumperka,78823,Šumperk
Jindřichův Hradec 1,37701,Jindřichův Hradec
Jinočany,25225,Praha-západ
Jiřetín pod Jedlovou,40756,Děčín
Jiřice u Miroslavi,67178,Znojmo
Jiřice u Miroslavi,67178,Brno-venkov
Jiříkov,40753,Děčín
Jirkov 1,43111,Chomutov
Jirny,25090,Praha-východ
Jistebnice,39133,Tábor
Jistebník,74282,Nový Jičín
Jivina u Mnichova Hradiště,29414,Mladá Boleslav
Jívka,54213,Trutnov
Josefův Důl u Jablonce nad Nisou,46844,Jablonec nad Nisou
Josefův Důl u Mladé Boleslavě,29307,Mladá Boleslav
Kačice,27304,Kladno
Kácov,28509,Kutná Hora
Kadaň 1,43201,Chomutov
Kadov u Blatné,38733,Strakonice
Kájov,38221,Český Krumlov
Kaliště,39451,Pelhřimov
Kámen u Habrů,58242,Havlíčkův Brod
Kámen u Pacova,39413,Pelhřimov
Kamenice,25168,Benešov
Kamenice,25168,Praha-východ
Kamenice nad Lipou,39470,Pelhřimov
Kamenice u Jihlavy,58823,Jihlava
Kameničky,53941,Chrudim
Kamenický Šenov,47114,Česká Lípa
Kamenná Lhota,58292,Havlíčkův Brod
Kamenné Žehrovice,27301,Kladno
Kamenný Přívoz,25282,Praha-západ
Kamenný Újezd,37381,České Budějovice
Kamýk nad Vltavou,26263,Příbram
Kaplice 1,38241,Český Krumlov
Kaplice 2,38242,Český Krumlov
Káranice,50366,Hradec Králové
Káraný,25075,Praha-východ
Kardašova Řečice,37821,Jindřichův Hradec
Kardašova Řečice,37821,Tábor
Karlova Studánka,79324,Bruntál
Karlovice,79323,Bruntál
Karlovy Vary 1,36001,Karlovy Vary
Karlovy Vary 10,36010,Karlovy Vary
Karlovy Vary 17,36017,Karlovy Vary
Karlovy Vary 18,36018,Karlovy Vary
Karlovy Vary 4,36004,Karlovy Vary
Karlovy Vary 5,36005,Karlovy Vary
Karlovy Vary 6,36006,Karlovy Vary
Karlovy Vary 7,36007,Karlovy Vary
Karlštejn,26718,Beroun
Karolinka,75605,Vsetín
Karviná 1,73301,Karviná
Karviná 3,73503,Karviná
Karviná 4,73401,Karviná
Karviná 6,73506,Karviná
Kašava,76319,Zlín
Kasejovice,33544,Plzeň-jih
Kašperské Hory,34192,Klatovy
Katovice,38711,Strakonice
Katusice,29425,Mladá Boleslav
Kaznějov,33151,Plzeň-sever
Kdyně,34506,Domažlice
Kdyně,34506,Klatovy
Kejžlice,39452,Pelhřimov
Kelč,75643,Vsetín
Kelčice,79808,Prostějov
Kestřany,39821,Písek
Klabava,33841,Rokycany
Kladky,79854,Prostějov
Kladno 1,27201,Kladno
Kladno 3,27203,Kladno
Kladno 4,27204,Kladno
Kladno 7,27309,Kladno
Kladruby nad Labem,53314,Pardubice
Kladruby u Stříbra,34961,Tachov
Klapý,41116,Litoměřice
Klášter Hradiště nad Jizerou,29415,Mladá Boleslav
Klášterec nad Ohří 1,43151,Chomutov
Klášterec nad Ohří 1,43151,Karlovy Vary
Klášterec nad Orlicí,56182,Ústí nad Orlicí
Klatovy 1,33901,Klatovy
Klecany,25067,Praha-východ
Klenčí pod Čerchovem,34534,Domažlice
Klenovice na Hané,79823,Prostějov
Klimkovice,74283,Ostrava-město
Klobouky u Brna,69172,Břeclav
Klobuky v Čechách,27374,Kladno
Kluky u Kutné Hory,28545,Kutná Hora
Kluky u Písku,39819,Písek
Kly,27741,Mělník
Kněždub,69664,Hodonín
Kněževes u Rakovníka,27001,Rakovník
Kněžice u Městce Králové,28902,Nymburk
Kněžice u Třebíče,67529,Jihlava
Kněžmost,29402,Mladá Boleslav
Knínice,67934,Blansko
Kobeřice,74727,Opava
Koberovice,39459,Pelhřimov
Kobylí na Moravě,69110,Břeclav
Kocbeře,54464,Trutnov
Kočí,53861,Chrudim
Koclířov u Svitav,56911,Svitavy
Kojčice,39409,Pelhřimov
Kojetice na Moravě,67523,Třebíč
Kojetice u Prahy,25072,Mělník
Kojetice u Prahy,25072,Praha-východ
Kojetín,75201,Přerov
Kokořín,27723,Mělník
Kokory,75105,Přerov
Koleč,27329,Kladno
Kolešovice,27002,Rakovník
Kolín 2,28002,Kolín
Kolinec,34142,Klatovy
Koloveč,34543,Domažlice
Komařice,37314,České Budějovice
Komárov u Hořovic,26762,Beroun
Konárovice,28125,Kolín
Konecchlumí,50705,Jičín
Koněšín,67502,Třebíč
Konice,79852,Prostějov
Konstantinovy Lázně,34952,Tachov
Konstantinovy Lázně,34952,Plzeň-sever
Kopidlno,50732,Jičín
Kopřivnice,74221,Nový Jičín
Kořenov,46849,Jablonec nad Nisou
Korkyně,26206,Příbram
Korouhev,56993,Svitavy
Koryčany,76805,Kroměříž
Korytná,68752,Uherské Hradiště
Košetice,39422,Pelhřimov
Košice u Soběslavě,39117,Tábor
Kosičky,50365,Hradec Králové
Košík,28935,Nymburk
Kosmonosy,29306,Mladá Boleslav
Kosova Hora,26291,Příbram
Košťálov,51202,Semily
Košťany u Teplic,41723,Teplice
Kostelec na Hané,79841,Prostějov
Kostelec nad Černými Lesy,28163,Kolín
Kostelec nad Černými Lesy,28163,Praha-východ
Kostelec nad Labem,27713,Mělník
Kostelec nad Labem,27713,Praha-východ
Kostelec nad Orlicí,51741,Rychnov nad Kněžnou
Kostelec nad Orlicí,51741,Ústí nad Orlicí
Kostelec nad Vltavou,39858,Písek
Kostelec u Holešova,76843,Kroměříž
Kostelec u Jihlavy,58861,Jihlava
Kostelec u Kyjova,69651,Hodonín
Kostelní Hlavno,29476,Praha-východ
Koštice nad Ohří,43921,Louny
Kostice u Břeclavě,69152,Břeclav
Kostomlaty nad Labem,28921,Nymburk
Kostomlaty pod Milešovkou,41754,Teplice
Kotvrdovice,67907,Blansko
Kounice,28915,Nymburk
Kounov u Dobrušky,51792,Rychnov nad Kněžnou
Kounov u Rakovníka,27006,Rakovník
Kouřim,28161,Kolín
Kout na Šumavě,34502,Domažlice
Kouty u Třebíče,67508,Třebíč
Kovářov,39855,Písek
Kovářská,43186,Chomutov
Kožlany,33144,Plzeň-sever
Kožlí,58293,Havlíčkův Brod
Kozlovice,73947,Frýdek-Místek
Kozmice u Hlučína,74711,Opava
Kozolupy,33032,Plzeň-sever
Krabčice u Roudnice nad Labem,41187,Litoměřice
Krajková,35708,Sokolov
Krakovany v Čechách,28127,Kolín
Kralice na Hané,79812,Prostějov
Králíky,56169,Ústí nad Orlicí
Královec,54203,Trutnov
Kralovice,33141,Plzeň-sever
Kralovice,33141,Rokycany
Kralupy nad Vltavou 1,27801,Mělník
Králův Dvůr u Berouna,26701,Beroun
Kramolín-vodní dílo,67577,Třebíč
Kraslice,35801,Sokolov
Krásná Hora nad Vltavou,26256,Příbram
Krásná Hora u Havlíčkova Brodu,58234,Havlíčkův Brod
Krásná Lípa u Rumburka,40746,Děčín
Krásný Dvůr,43972,Louny
Krasonice,58864,Jihlava
Kratonohy,50324,Hradec Králové
Kravaře u České Lípy,47103,Česká Lípa
Kravaře u Hlučína,74721,Opava
Kravsko,67151,Znojmo
Křeč,39495,Pelhřimov
Křelov-Břuchotín,78336,Olomouc
Křelovice u Pelhřimova,39445,Pelhřimov
Křemže,38203,Český Krumlov
Křenov,56922,Svitavy
Křenovice u Slavkova,68352,Vyškov
Křepice u Hustopečí,69165,Břeclav
Křesetice,28547,Kutná Hora
Křešice,41148,Litoměřice
Křešín u Pacova,39424,Pelhřimov
Křetín,67962,Blansko
Krhanice,25742,Benešov
Krhová,75663,Vsetín
Křinec,28933,Nymburk
Křivoklát,27023,Rakovník
Křivsoudov,25766,Benešov
Křižanov,59451,Žďár nad Sázavou
Křižanov,59451,Brno-venkov
Křižany,46353,Liberec
Krmelín,73924,Frýdek-Místek
Krmelín,73924,Ostrava-město
Krnov 1,79401,Bruntál
Krnsko,29431,Mladá Boleslav
Kroměříž 1,76701,Kroměříž
Krompach v Čechách,47157,Česká Lípa
Kropáčova Vrutice,29479,Mladá Boleslav
Krouna,53943,Chrudim
Křoví,59454,Žďár nad Sázavou
Křtiny,67905,Brno-venkov
Křtiny,67905,Blansko
Krucemburk,58266,Havlíčkův Brod
Krumvíř,69173,Hodonín
Krumvíř,69173,Břeclav
Krupá,27009,Rakovník
Krupka 1,41742,Teplice
Krupka 3,41741,Teplice
Krušovice,27053,Rakovník
Kružberk,74786,Opava
Kryry,43981,Louny
Ktiš,38403,Prachatice
Kublov,26741,Beroun
Kučeř,39834,Písek
Kuks,54443,Trutnov
Kuks,54443,Náchod
Kunčice nad Labem,54361,Trutnov
Kunčice pod Ondřejníkem,73913,Frýdek-Místek
Kunčina,56924,Svitavy
Kunín,74253,Nový Jičín
Kunovice,68604,Uherské Hradiště
Kunratice u Cvikova,47155,Česká Lípa
Kunštát na Moravě,67972,Blansko
Kunvald,56181,Ústí nad Orlicí
Kunžak,37862,Jindřichův Hradec
Kuřim,66434,Brno-město
Kuřim,66434,Brno-venkov
Kutná Hora 1,28401,Kutná Hora
Kutná Hora 3,28403,Kutná Hora
Kutná Hora 4,28404,Kutná Hora
Kvasice,76821,Zlín
Kvasice,76821,Kroměříž
Kvasiny,51702,Rychnov nad Kněžnou
Květná,68766,Uherské Hradiště
Kvilda,38493,Prachatice
Kyjov 1,69701,Hodonín
Kyjov 3,69655,Hodonín
Kyjovice,74768,Opava
Kynšperk nad Ohří,35751,Sokolov
Kyselka,36272,Karlovy Vary
Kyšice,33001,Plzeň-město
Kytlice,40745,Děčín
Ladná,69146,Břeclav
Lánov,54341,Trutnov
Lanškroun,56301,Ústí nad Orlicí
Lanškroun,56301,Svitavy
Lány,27061,Kladno
Lanžhot,69151,Břeclav
Lásenice,37801,Jindřichův Hradec
Laškov,79857,Prostějov
Lažiště,38432,Prachatice
Lázně Bělohrad,50781,Jičín
Lázně Bohdaneč,53341,Pardubice
Lázně Kynžvart,35491,Cheb
Lázně Toušeň,25089,Praha-východ
Lechovice,67163,Znojmo
Ledce u Mladé Boleslavi,29447,Mladá Boleslav
Ledce u Plzně,33014,Plzeň-sever
Ledčice,27708,Mělník
Ledeč nad Sázavou,58401,Havlíčkův Brod
Ledenice,37311,České Budějovice
Lednice na Moravě,69144,Břeclav
Ledvice,41772,Teplice
Lelekovice,66431,Brno-venkov
Lenešice,43923,Louny
Lenora,38442,Prachatice
Lešany u Prostějova,79842,Prostějov
Leskovice,39414,Pelhřimov
Lešná,75641,Vsetín
Lesonice,67544,Třebíč
Leština u Světlé nad Sázavou,58286,Havlíčkův Brod
Leština u Zábřeha,78971,Šumperk
Letohrad,56151,Ústí nad Orlicí
Letonice u Vyškova,68335,Vyškov
Letovice,67961,Blansko
Lhenice,38402,Prachatice
Lhota pod Libčany,50327,Hradec Králové
Libá,35131,Cheb
Libáň,50723,Jičín
Libčany,50322,Hradec Králové
Libčeves,43926,Louny
Libchavy,56116,Ústí nad Orlicí
Libčice nad Vltavou,25266,Praha-západ
Libčice nad Vltavou,25266,Praha-východ
Liběchov,27721,Mělník
Libějovice,38772,Strakonice
Liberec 1,46001,Liberec
Liberec 10,46010,Liberec
Liberec 14,46014,Liberec
Liberec 15,46015,Liberec
Liberec 25,46312,Liberec
Liberec 30,46311,Liberec
Liberec 5,46005,Liberec
Liberec 6,46006,Liberec
Liberec 7,46007,Liberec
Liberec 8,46008,Liberec
Liberk,51712,Rychnov nad Kněžnou
Liběšice u Litoměřic,41146,Litoměřice
Liběšice u Žatce,43963,Louny
Líbeznice,25065,Praha-východ
Libhošť,74257,Nový Jičín
Libice nad Cidlinou,28907,Nymburk
Libice nad Doubravou,58277,Havlíčkův Brod
Libina,78805,Šumperk
Libkova Voda,39462,Pelhřimov
Libňatov,54236,Trutnov
Libočany,43975,Louny
Libochovany,41103,Litoměřice
Libochovice,41117,Litoměřice
Libošovice,50744,Jičín
Libouchec,40335,Ústí nad Labem
Libřice,50344,Hradec Králové
Libštát,51203,Semily
Libuň,50715,Jičín
Libušín,27306,Kladno
Lichnov u Bruntálu,79315,Bruntál
Lichnov u Nového Jičína,74275,Nový Jičín
Licibořice,53823,Chrudim
Lično,51735,Rychnov nad Kněžnou
Lidice,27354,Kladno
Lindava,47158,Česká Lípa
Líně,33021,Plzeň-sever
Lípa u Havlíčkova Brodu,58257,Havlíčkův Brod
Lipnice nad Sázavou,58232,Havlíčkův Brod
Lipník nad Bečvou,75131,Přerov
Lipník nad Bečvou,75131,Olomouc
Lipník u Hrotovic,67552,Třebíč
Lipno nad Vltavou,38278,Český Krumlov
Lipoltice,53364,Pardubice
Lipov,69672,Hodonín
Lipová u Šluknova,40781,Děčín
Lipová-lázně 1,79061,Jeseník
Lipová-lázně 3,79063,Jeseník
Lipovec u Blanska,67915,Blansko
Liptál,75631,Vsetín
Lipůvka,67922,Blansko
Lišany u Rakovníka,27052,Rakovník
Lísek,59245,Žďár nad Sázavou
Líšnice,56184,Ústí nad Orlicí
Lišov u Českých Budějovic,37372,České Budějovice
Líšťany,33035,Plzeň-sever
Liteň,26727,Beroun
Litenčice,76813,Kroměříž
Litoměřice 1,41201,Litoměřice
Litomyšl,57001,Svitavy
Litovel,78401,Olomouc
Litultovice,74755,Opava
Litvínov 1,43601,Most
Litvínov 3,43603,Most
Litvínov 8,43542,Most
Lnáře,38742,Strakonice
Lobeč,27736,Mělník
Lobendava,40784,Děčín
Ločenice,37322,České Budějovice
Lochovice,26723,Beroun
Loděnice u Berouna,26712,Beroun
Loděnice u Moravského Krumlova,67175,Znojmo
Loděnice u Moravského Krumlova,67175,Brno-venkov
Lodhéřov,37826,Jindřichův Hradec
Loket,35733,Sokolov
Lom u Mostu 1,43511,Most
Lomnice nad Lužnicí,37816,Jindřichův Hradec
Lomnice nad Popelkou,51251,Semily
Lomnice u Rýmařova,79302,Bruntál
Lomnice u Tišnova,67923,Brno-venkov
Loštice,78983,Šumperk
Loučeň,28937,Nymburk
Loučka u Valašského Meziříčí,75644,Vsetín
Loučná nad Desnou,78811,Šumperk
Loučovice,38276,Český Krumlov
Louka nad Veličkou,69676,Hodonín
Louka u Litvínova,43533,Most
Loukov,76875,Kroměříž
Loukov u Mnichova Hradiště,29411,Mladá Boleslav
Louňovice pod Blaníkem,25706,Benešov
Louny 1,44001,Louny
Lovčice u Kyjova,69639,Hodonín
Lovčice u Nového Bydžova,50361,Hradec Králové
Lovosice 2,41002,Litoměřice
Lubenec,43983,Louny
Lubná u Poličky,56963,Svitavy
Lubná u Rakovníka,27036,Rakovník
Luby u Chebu,35137,Cheb
Lučany nad Nisou,46871,Jablonec nad Nisou
Lučice,58235,Havlíčkův Brod
Lučina,73939,Frýdek-Místek
Ludgeřovice,74714,Opava
Ludvíkovice,40713,Děčín
Luhačovice,76326,Zlín
Luka nad Jihlavou,58822,Jihlava
Lukavec u Pacova,39426,Pelhřimov
Lukavice,51603,Rychnov nad Kněžnou
Lukov u Zlína,76317,Zlín
Luleč,68303,Vyškov
Luštěnice,29442,Mladá Boleslav
Lutín,78349,Olomouc
Lužany u Jičína,50706,Jičín
Luže,53854,Chrudim
Luže,53854,Ústí nad Orlicí
Lužec nad Cidlinou,50362,Hradec Králové
Lužec nad Vltavou,27706,Mělník
Lužice u Hodonína,69618,Hodonín
Lužice u Mostu,43524,Most
Lužná v Čechách,27051,Rakovník
Lysá nad Labem,28922,Nymburk
Lysice,67971,Blansko
Machov,54963,Náchod
Majdalena,37803,Jindřichův Hradec
Malá Morávka,79336,Bruntál
Malé Hradisko,79849,Prostějov
Malé Svatoňovice,54234,Trutnov
Maleč,58276,Havlíčkův Brod
Malečov,40327,Ústí nad Labem
Malenice nad Volyňkou,38706,Strakonice
Malešov,28541,Kutná Hora
Malešovice,66465,Brno-venkov
Malíkovice,27377,Kladno
Malonty,38291,Český Krumlov
Malšice,39175,Tábor
Manětín,33162,Plzeň-sever
Mařenice,47156,Česká Lípa
Mariánské Lázně 1,35301,Cheb
Mariánské Lázně 1,35301,Sokolov
Mariánské Radčice,43532,Most
Markvartice u Děčína,40742,Děčín
Markvartice u Sobotky,50742,Jičín
Maršovice,25755,Benešov
Martinice v Krkonoších,51232,Semily
Martínkovice,54973,Náchod
Mašťov,43156,Chomutov
Mcely,28936,Nymburk
Mečeříž,29477,Mladá Boleslav
Měcholupy u Blovic,33551,Plzeň-jih
Měcholupy u Žatce,43931,Louny
Mečichov,38736,Strakonice
Meclov,34521,Domažlice
Medlešice,53831,Chrudim
Medlovice,68741,Uherské Hradiště
Melč,74784,Opava
Mělnické Vtelno,27738,Mělník
Mělník 1,27601,Mělník
Měník,50364,Hradec Králové
Měnín,66457,Brno-venkov
Měřín,59442,Žďár nad Sázavou
Merklín u Karlových Var,36234,Karlovy Vary
Merklín u Přeštic,33452,Plzeň-jih
Merklín u Přeštic,33452,Domažlice
Měšice u Prahy,25064,Praha-východ
Městec Králové,28903,Nymburk
Městečko Trnávka,56941,Svitavy
Město Albrechtice,79395,Bruntál
Město Libavá,78307,Olomouc
Město Touškov,33033,Plzeň-sever
Metylovice,73949,Frýdek-Místek
Meziboří u Litvínova,43513,Most
Meziměstí u Broumova 1,54981,Náchod
Meziměstí u Broumova 3,54983,Náchod
Míkovice,68609,Uherské Hradiště
Mikulášovice,40779,Děčín
Mikulčice,69619,Hodonín
Mikulov na Moravě,69201,Břeclav
Mikulovice u Jeseníku 1,79084,Jeseník
Mikulovice u Znojma,67133,Znojmo
Milešov u Lovosic,41132,Litoměřice
Miletín,50771,Jičín
Milevsko 1,39901,Tábor
Milevsko 1,39901,Písek
Milevsko 1,39901,Příbram
Miličín,25786,Benešov
Milíkov u Jablunkova,73981,Frýdek-Místek
Milín,26231,Příbram
Milotice nad Bečvou,75367,Přerov
Milotice u Kyjova,69605,Hodonín
Milovice nad Labem 1,28923,Nymburk
Milovice nad Labem 3,28924,Nymburk
Milovice u Mikulova,69188,Břeclav
Mimoň,47124,Česká Lípa
Miřetice u Hlinska,53955,Chrudim
Miroslav,67172,Znojmo
Mirošov 1,33843,Rokycany
Mirošov 1,33843,Plzeň-jih
Mirotice,39801,Písek
Mirovice,39806,Písek
Míškovice u Holešova,76852,Kroměříž
Miskovice u Kutné Hory,28501,Kutná Hora
Místo,43158,Chomutov
Mladá Boleslav 1,29301,Mladá Boleslav
Mladá Vožice,39143,Tábor
Mladé Bříště,39443,Pelhřimov
Mladé Buky,54223,Trutnov
Mladecko,74754,Opava
Mladějov na Moravě,56935,Svitavy
Mladějov v Čechách,50745,Jičín
Mladkov,56167,Ústí nad Orlicí
Mlázovice,50758,Jičín
Mnich,39492,Pelhřimov
Mnichovice,25164,Praha-východ
Mnichovo Hradiště,29501,Mladá Boleslav
Mnichovo Hradiště,29501,Česká Lípa
Mníšek pod Brdy,25210,Praha-západ
Mníšek pod Brdy,25210,Příbram
Mochov,25087,Praha-východ
Modlany,41713,Teplice
Modrá u Děčína,40702,Děčín
Modřice,66442,Brno-město
Modřice,66442,Brno-venkov
Mohelnice,78985,Šumperk
Mohelnice nad Jizerou,29413,Mladá Boleslav
Mohelnice nad Jizerou,29413,Liberec
Mohelno,67575,Třebíč
Mohelno,67575,Brno-venkov
Mokrá,66404,Brno-venkov
Mokré Lazce,74762,Opava
Moldava,41781,Teplice
Morašice u Chrudimě,53802,Chrudim
Morašice u Litomyšle,56951,Svitavy
Moravany u Brna,66448,Brno-venkov
Moravany u Holic,53372,Pardubice
Moravany u Kyjova,69650,Hodonín
Moravec,59254,Žďár nad Sázavou
Moravičany,78982,Šumperk
Moravská Nová Ves,69155,Břeclav
Moravská Třebová 1,57101,Svitavy
Moravská Třebová 3,56921,Svitavy
Moravské Budějovice 2,67602,Třebíč
Moravský Beroun,79305,Olomouc
Moravský Beroun,79305,Bruntál
Moravský Krumlov,67201,Znojmo
Moravský Písek,69685,Hodonín
Moravský Žižkov,69101,Břeclav
Mořice,79828,Prostějov
Mořina,26717,Beroun
Mořkov,74272,Nový Jičín
Morkovice-Slížany,76833,Kroměříž
Mošnov,74251,Nový Jičín
Most 1,43401,Most
Most 9,43502,Most
Mostek,54475,Trutnov
Mostkovice,79802,Prostějov
Mosty u Jablunkova,73998,Frýdek-Místek
Moutnice,66455,Brno-venkov
Mrákotín,58854,Jihlava
Mrákov,34501,Domažlice
Mratín,25063,Mělník
Mratín,25063,Praha-východ
Mříčná,51204,Semily
Mšec,27064,Rakovník
Mšené-lázně,41119,Litoměřice
Mšeno u Mělníka,27735,Mělník
Mukařov,25162,Praha-východ
Mutějovice,27007,Rakovník
Mutěnice,69611,Hodonín
Mydlovary,37349,České Budějovice
Myslejovice,79805,Vyškov
Myslejovice,79805,Prostějov
Myslibořice,67560,Třebíč
Myslkovice,39116,Tábor
Mysločovice,76301,Zlín
Mýto v Čechách,33805,Rokycany
Načeradec,25708,Benešov
Náchod 1,54701,Náchod
Nadějkov,39852,Tábor
Nahořany nad Metují,54907,Náchod
Náklo,78332,Olomouc
Nalžovice,26293,Příbram
Náměšť na Hané,78344,Olomouc
Náměšť nad Oslavou,67571,Třebíč
Napajedla,76361,Zlín
Nasavrky,53825,Chrudim
Násedlovice,69636,Hodonín
Návsí,73992,Frýdek-Místek
Nebahovy,38401,Prachatice
Nebužely,27734,Mělník
Nechanice,50315,Hradec Králové
Nečín,26213,Příbram
Nedakonice,68738,Uherské Hradiště
Nedašov,76332,Zlín
Nedvědice,59262,Žďár nad Sázavou
Nedvědice,59262,Brno-venkov
Nehvizdy,25081,Praha-východ
Nejdek 1,36221,Karlovy Vary
Nejdek 2,36222,Karlovy Vary
Nekoř,56163,Ústí nad Orlicí
Nekvasovy,33547,Plzeň-jih
Nelahozeves,27751,Mělník
Němčice,56118,Svitavy
Němčice nad Hanou,79827,Prostějov
Němčice u Boskovic,67951,Blansko
Němčičky u Břeclavi,69107,Břeclav
Němčičky u Židlochovic,66466,Brno-venkov
Nemojov,54461,Trutnov
Neplachovice,74774,Opava
Nepolisy,50363,Hradec Králové
Nepoměřice,28511,Kutná Hora
Nepomuk 1,33501,Plzeň-jih
Nepomuk 1,33501,Klatovy
Nepomuk 3,33503,Plzeň-jih
Nepomyšl,43971,Louny
Neratovice,27711,Mělník
Nesovice,68333,Vyškov
Nesovice,68333,Hodonín
Netolice,38411,Prachatice
Netolice,38411,Strakonice
Netvořice,25744,Benešov
Neurazy,33555,Plzeň-jih
Neveklov,25756,Benešov
Nezamyslice u Prostějova,79826,Prostějov
Nezdenice,68732,Uherské Hradiště
Neznašov,37302,České Budějovice
Nezvěstice,33204,Plzeň-jih
Nezvěstice,33204,Plzeň-město
Nivnice,68751,Uherské Hradiště
Nižbor,26705,Beroun
Nížkov,59212,Žďár nad Sázavou
Nosislav,69164,Brno-venkov
Nosislav,69164,Břeclav
Nová Bystřice,37833,Jindřichův Hradec
Nová Cerekev,39415,Pelhřimov
Nová Paka,50901,Jičín
Nová Pec,38462,Prachatice
Nová Říše,58865,Jihlava
Nová Role,36225,Karlovy Vary
Nová Včelnice,37842,Jindřichův Hradec
Nová Ves nad Lužnicí,37809,Jindřichův Hradec
Nová Ves nad Nisou,46827,Jablonec nad Nisou
Nová Ves nad Popelkou,51271,Semily
Nová Ves pod Pleší,26204,Příbram
Nová Ves u Českých Budějovic,37315,České Budějovice
Nová Ves u Chotěboře,58273,Havlíčkův Brod
Nová Ves u Mělníka,27752,Mělník
Nová Ves v Horách,43545,Most
Nové Dvory u Kutné Hory,28531,Kutná Hora
Nové Hrady u Skutče,53945,Ústí nad Orlicí
Nové Hrady v jižních Čechách,37333,České Budějovice
Nové Město na Moravě,59231,Žďár nad Sázavou
Nové Město nad Metují 1,54901,Náchod
Nové Město nad Metují 1,54901,Rychnov nad Kněžnou
Nové Město pod Smrkem,46365,Liberec
Nové Mitrovice,33563,Plzeň-jih
Nové Sedlo u Lokte,35734,Sokolov
Nové Strašecí,27101,Kladno
Nové Strašecí,27101,Rakovník
Nové Syrovice,67541,Třebíč
Nové Veselí,59214,Žďár nad Sázavou
Novosedlice,41731,Teplice
Novosedly na Moravě,69182,Břeclav
Novosedly nad Nežárkou,37817,Jindřichův Hradec
Nový Bor,47301,Česká Lípa
Nový Bydžov,50401,Hradec Králové
Nový Hrádek,54922,Rychnov nad Kněžnou
Nový Hrádek,54922,Náchod
Nový Hrozenkov,75604,Vsetín
Nový Jičín 1,74101,Nový Jičín
Nový Knín,26203,Příbram
Nový Knín,26203,Praha-západ
Nový Malín,78803,Šumperk
Nový Oldřichov,47113,Česká Lípa
Nový Rychnov,39404,Pelhřimov
Nučice,25216,Praha-západ
Nymburk 2,28802,Nymburk
Nýřany,33023,Plzeň-sever
Nýřany,33023,Tachov
Nýrsko,34022,Klatovy
Obecnice,26221,Příbram
Obořiště,26212,Příbram
Obrataň,39412,Pelhřimov
Obříství,27742,Mělník
Obrnice,43521,Most
Obruby,29403,Mladá Boleslav
Ochoz u Brna,66402,Brno-venkov
Očihov,43987,Louny
Odolena Voda,25070,Praha-východ
Odolena Voda,25070,Mělník
Odry,74235,Nový Jičín
Ohaře,28130,Kolín
Ohníč,41765,Teplice
Ohnišov,51784,Rychnov nad Kněžnou
Ohnišťany,50354,Hradec Králové
Okna,47162,Česká Lípa
Okříšky,67521,Třebíč
Okříšky,67521,Jihlava
Okrouhlice,58231,Havlíčkův Brod
Olbramovice u Moravského Krumlova,67176,Znojmo
Oldřichov,41724,Teplice
Oldřišov,74733,Opava
Oleksovice,67162,Znojmo
Oleška u Českého Brodu,28162,Praha-východ
Olešná u Hořovic,26764,Beroun
Olešnice na Moravě,67974,Blansko
Olešnice u Českých Budějovic,37331,České Budějovice
Olešnice u Rychnova nad Kněžnou,51736,Rychnov nad Kněžnou
Olešnice v Orlických horách,51783,Rychnov nad Kněžnou
Olešník,37350,České Budějovice
Olomouc 18,78301,Olomouc
Olomouc 9,77900,Olomouc
Olomučany,67903,Blansko
Oloví,35707,Sokolov
Olovnice,27326,Kladno
Olovnice,27326,Mělník
Olšany u Prostějova,79814,Prostějov
Olšany u Šumperka,78962,Šumperk
Ondřejov,25165,Praha-východ
Opařany,39161,Tábor
Opatov na Moravě,67528,Třebíč
Opatov v Čechách,56912,Svitavy
Opatovice nad Labem,53345,Pardubice
Opatovice u Hranic,75356,Přerov
Opava 1,74601,Opava
Opava 5,74705,Opava
Opava 6,74706,Opava
Opava 7,74707,Opava
Opava 9,74770,Opava
Opočnice,28904,Nymburk
Opočno,51773,Rychnov nad Kněžnou
Oráčov,27032,Rakovník
Ořechov u Brna,66444,Brno-venkov
Ořechov u Velkého Meziříčí,59452,Žďár nad Sázavou
Orlické Záhoří,51764,Rychnov nad Kněžnou
Orličky,56155,Ústí nad Orlicí
Orlík nad Vltavou,39807,Písek
Orlová 1,73511,Karviná
Orlová 4,73514,Karviná
Osečná,46352,Liberec
Osečná,46352,Česká Lípa
Osek nad Bečvou,75122,Přerov
Osek u Duchcova,41705,Teplice
Osek u Rokycan,33821,Rokycany
Oselce,33546,Plzeň-jih
Osice,50326,Hradec Králové
Osík u Litomyšle,56967,Svitavy
Oskava,78801,Šumperk
Oskořínek,28932,Nymburk
Oslavany,66412,Brno-venkov
Oslov,39835,Písek
Osoblaha,79399,Bruntál
Osov,26725,Beroun
Osová Bítýška,59453,Žďár nad Sázavou
Osová Bítýška,59453,Brno-venkov
Ostopovice,66449,Brno-venkov
Ostrava 10,71000,Ostrava-město
Ostrava 11,71100,Ostrava-město
Ostrava 11,71100,Opava
Ostrava 12,71200,Ostrava-město
Ostrava 13,71300,Ostrava-město
Ostrava 15,71500,Ostrava-město
Ostrava 16,71600,Ostrava-město
Ostrava 17,71700,Ostrava-město
Ostrava 18,71800,Ostrava-město
Ostrava 19,71900,Ostrava-město
Ostrava 2,70200,Ostrava-město
Ostrava 20,72000,Ostrava-město
Ostrava 21,72100,Ostrava-město
Ostrava 22,72200,Ostrava-město
Ostrava 23,72300,Ostrava-město
Ostrava 24,72400,Ostrava-město
Ostrava 25,72525,Ostrava-město
Ostrava 26,72526,Ostrava-město
Ostrava 27,72527,Ostrava-město
Ostrava 28,72528,Ostrava-město
Ostrava 29,72529,Ostrava-město
Ostrava 3,70300,Ostrava-město
Ostrava 30,70030,Ostrava-město
Ostrava 8,70800,Ostrava-město
Ostrava 9,70900,Ostrava-město
Ostravice,73914,Frýdek-Místek
Ostroměř,50752,Jičín
Ostrov nad Ohří,36301,Karlovy Vary
Ostrov nad Oslavou,59445,Žďár nad Sázavou
Ostrov u Lanškrouna,56122,Ústí nad Orlicí
Ostrov u Macochy,67914,Blansko
Ostrovačice,66481,Brno-město
Ostrovačice,66481,Brno-venkov
Ostrovec,39833,Písek
Ostrožská Lhota,68723,Uherské Hradiště
Ostrožská Nová Ves,68722,Uherské Hradiště
Osvětimany,68742,Uherské Hradiště
Otaslavice,79806,Prostějov
Otice,74781,Opava
Otnice,68354,Vyškov
Otovice u Broumova,54972,Náchod
Otrokovice 2,76502,Zlín
Otvovice,27327,Kladno
Oudoleň,58224,Havlíčkův Brod
Paběnice,28543,Kutná Hora
Pačlavice,76834,Kroměříž
Pacov,39501,Pelhřimov
Pacov,39501,Tábor
Palkovice,73941,Frýdek-Místek
Panenský Týnec,43905,Louny
Pardubice 12,53012,Pardubice
Pardubice 17,53351,Pardubice
Pardubice 19,53353,Pardubice
Pardubice 2,53002,Pardubice
Pardubice 2,53002,Hradec Králové
Pardubice 21,53301,Pardubice
Pardubice 23,53333,Pardubice
Pardubice 3,53003,Pardubice
Pardubice 6,53006,Pardubice
Pardubice 9,53009,Pardubice
Paršovice,75355,Přerov
Paseka u Šternberka,78397,Olomouc
Paseky nad Jizerou,51247,Semily
Paskov,73921,Frýdek-Místek
Pasohlávky,69122,Brno-venkov
Pátek u Loun,43908,Louny
Pavlíkov,27021,Rakovník
Pavlovice u Kojetína,79830,Prostějov
Pchery,27308,Kladno
Pec pod Sněžkou,54221,Trutnov
Pečice,26232,Příbram
Pěčín u Rychnova nad Kněžnou,51757,Rychnov nad Kněžnou
Pecka,50782,Jičín
Pečky,28911,Kolín
Pečky,28911,Nymburk
Pelhřimov,39301,Pelhřimov
Pěnčín u Liberce,46345,Liberec
Perná,69186,Břeclav
Pernarec,33036,Plzeň-sever
Pernink,36236,Karlovy Vary
Perštejn,43163,Chomutov
Peruc,43907,Louny
Pětipsy,43153,Chomutov
Petrohrad,43985,Louny
Petrov nad Desnou,78816,Šumperk
Petrov u Hodonína,69665,Hodonín
Petrov u Prahy,25281,Praha-západ
Petrovice u Karviné,73572,Karviná
Petrovice u Nového Bydžova,50355,Hradec Králové
Petrovice u Rakovníka,27035,Rakovník
Petrovice u Sedlčan,26255,Příbram
Petrovice u Ústí nad Labem,40337,Ústí nad Labem
Petřvald u Karviné,73541,Karviná
Petřvald u Nového Jičína,74260,Nový Jičín
Pičín,26225,Příbram
Pihel,47118,Česká Lípa
Pilníkov,54242,Trutnov
Písečná u Jeseníku,79082,Jeseník
Písečné nad Dyjí,37872,Jindřichův Hradec
Písek 1,39701,Písek
Písek u Jablunkova,73984,Frýdek-Místek
Píšť,74718,Opava
Pištín,37346,České Budějovice
Pivín,79824,Prostějov
Planá nad Lužnicí,39111,Tábor
Planá u Mariánských Lázní,34815,Tachov
Plaňany,28104,Kolín
Plánice,34034,Klatovy
Plasy,33101,Plzeň-sever
Plaveč u Znojma,67132,Znojmo
Plavy,46846,Jablonec nad Nisou
Plesná u Chebu,35135,Cheb
Ploskovice,41142,Litoměřice
Plumlov,79803,Vyškov
Plumlov,79803,Prostějov
Plzeň 1,30100,Plzeň-město
Plzeň 12,31200,Plzeň-město
Plzeň 16,31600,Plzeň-město
Plzeň 18,31800,Plzeň-město
Plzeň 21,32100,Plzeň-město
Plzeň 21,32100,Plzeň-jih
Plzeň 22,32200,Plzeň-město
Plzeň 23,32300,Plzeň-město
Plzeň 26,32600,Plzeň-město
Pňov,28941,Kolín
Pňov,28941,Nymburk
Poběžovice,34522,Domažlice
Počátky,39464,Pelhřimov
Pochvalov,27055,Rakovník
Pocinovice,34509,Domažlice
Podbořany,44101,Louny
Podbořany,44101,Chomutov
Podbořany,44101,Karlovy Vary
Podbřezí,51803,Rychnov nad Kněžnou
Poděbrady 1,29001,Nymburk
Podhořany u Ronova nad Doubravou,53841,Chrudim
Podhorní Újezd,50754,Jičín
Podivín,69145,Břeclav
Podolí u Brna,66403,Brno-venkov
Pohled,58221,Havlíčkův Brod
Pohořelice,69123,Brno-venkov
Pohořelice,69123,Břeclav
Pohorská Ves,38283,Český Krumlov
Polepy,41147,Litoměřice
Polešovice,68737,Uherské Hradiště
Polevsko,47116,Česká Lípa
Police nad Metují,54954,Náchod
Police u Jemnice,67534,Třebíč
Polička,57201,Svitavy
Polkovice,75144,Přerov
Polná,58813,Jihlava
Polná na Šumavě,38229,Český Krumlov
Pomezí,56971,Svitavy
Poniklá,51242,Semily
Popice,69127,Břeclav
Poříčany,28914,Nymburk
Poříčany,28914,Kolín
Poříčí nad Sázavou,25721,Benešov
Postoloprty,43942,Louny
Postřekov,34535,Domažlice
Postřelmov,78969,Šumperk
Postupice,25701,Benešov
Potštát,75362,Přerov
Potštát,75362,Olomouc
Potštejn,51743,Rychnov nad Kněžnou
Pouzdřany,69126,Břeclav
Povrly,40332,Ústí nad Labem
Pozdeň,27376,Kladno
Pozořice,66407,Brno-venkov
Pozorka,41703,Teplice
Prace,66458,Brno-venkov
Prachatice,38301,Prachatice
Prachovice,53804,Chrudim
Prackovice nad Labem,41133,Litoměřice
Praha 011,11800,Hlavní město Praha
Praha 012,11900,Hlavní město Praha
Praha 1,11000,Hlavní město Praha
Praha 10,10000,Hlavní město Praha
Praha 101,10100,Hlavní město Praha
Praha 102,10200,Hlavní město Praha
Praha 106,10600,Hlavní město Praha
Praha 108,10800,Hlavní město Praha
Praha 111,10900,Hlavní město Praha
Praha 112,10700,Hlavní město Praha
Praha 113,10300,Hlavní město Praha
Praha 114,10400,Hlavní město Praha
Praha 2,12000,Hlavní město Praha
Praha 28,12800,Hlavní město Praha
Praha 3,13000,Hlavní město Praha
Praha 4,14000,Hlavní město Praha
Praha 41,14100,Hlavní město Praha
Praha 411,14200,Hlavní město Praha
Praha 412,14300,Hlavní město Praha
Praha 414,14800,Hlavní město Praha
Praha 415,14900,Hlavní město Praha
Praha 415,14900,Praha-západ
Praha 47,14700,Hlavní město Praha
Praha 5,15000,Hlavní město Praha
Praha 511,15531,Hlavní město Praha
Praha 512,15300,Hlavní město Praha
Praha 514,15400,Hlavní město Praha
Praha 515,15500,Hlavní město Praha
Praha 516,15600,Hlavní město Praha
Praha 517,15521,Hlavní město Praha
Praha 52,15200,Hlavní město Praha
Praha 58,15800,Hlavní město Praha
Praha 59,15900,Hlavní město Praha
Praha 6,16000,Hlavní město Praha
Praha 614,16100,Hlavní město Praha
Praha 616,16200,Hlavní město Praha
Praha 618,16300,Hlavní město Praha
Praha 619,16400,Hlavní město Praha
Praha 620,16500,Hlavní město Praha
Praha 69,16900,Hlavní město Praha
Praha 7,17000,Hlavní město Praha
Praha 71,17100,Hlavní město Praha
Praha 8,18000,Hlavní město Praha
Praha 81,18100,Hlavní město Praha
Praha 82,18200,Hlavní město Praha
Praha 84,18400,Hlavní město Praha
Praha 86,18600,Hlavní město Praha
Praha 9,19000,Hlavní město Praha
Praha 911,19011,Hlavní město Praha
Praha 912,19012,Hlavní město Praha
Praha 913,19300,Hlavní město Praha
Praha 914,19014,Hlavní město Praha
Praha 915,19015,Hlavní město Praha
Praha 916,19016,Hlavní město Praha
Praha 917,19017,Hlavní město Praha
Praha 96,19600,Hlavní město Praha
Praha 97,19700,Hlavní město Praha
Praha 98,19800,Hlavní město Praha
Praha 99,19900,Hlavní město Praha
Prakšice,68756,Uherské Hradiště
Praskačka,50333,Hradec Králové
Praskolesy,26754,Beroun
Přáslavice,78354,Olomouc
Pravonín,25709,Benešov
Pražmo,73904,Frýdek-Místek
Předhradí,53974,Chrudim
Předín,67527,Jihlava
Předín,67527,Třebíč
Předklášteří,66602,Brno-venkov
Předměřice nad Jizerou,29474,Praha-východ
Předměřice nad Jizerou,29474,Mladá Boleslav
Předměřice nad Labem,50302,Hradec Králové
Přelouč,53501,Pardubice
Přemyslovice,79851,Prostějov
Přepeře,51261,Semily
Přepychy,51732,Rychnov nad Kněžnou
Přerov 2,75002,Přerov
Přerov 4,75124,Přerov
Přerov nad Labem,28916,Nymburk
Přestavlky u Čerčan,25723,Benešov
Přeštice,33401,Klatovy
Přeštice,33401,Plzeň-jih
Přibice,69124,Brno-venkov
Příbor,74258,Frýdek-Místek
Příbor,74258,Nový Jičín
Příbram 1,26101,Příbram
Přibyslav,58222,Havlíčkův Brod
Příkazy,78333,Olomouc
Přimda,34806,Tachov
Příšovice,46346,Liberec
Přítluky,69104,Břeclav
Proboštov u Teplic,41712,Teplice
Proseč u Skutče,53944,Chrudim
Proseč u Skutče,53944,Ústí nad Orlicí
Proseč u Skutče,53944,Svitavy
Prosenice,75121,Přerov
Prosetín u Bystřice nad Pernštejnem,59264,Žďár nad Sázavou
Prosetín u Hlinska,53976,Chrudim
Prosiměřice,67161,Znojmo
Prostějov 1,79601,Prostějov
Prostějov 3,79603,Prostějov
Prostějov 4,79604,Prostějov
Prostějov 6,79811,Prostějov
Prostřední Bečva,75656,Vsetín
Protivanov,79848,Prostějov
Protivín,39811,Písek
Provodín,47167,Česká Lípa
Provodov-Šonov,54908,Náchod
Prštice,66446,Brno-venkov
Průhonice,25243,Praha-západ
Prušánky,69621,Hodonín
Prusinovice,76842,Kroměříž
Prysk,47115,Česká Lípa
Psáry,25244,Praha-západ
Ptení,79843,Prostějov
Puklice,58831,Jihlava
Pustá Polom,74769,Opava
Pustějov,74243,Nový Jičín
Pustiměř,68321,Vyškov
Pyšely,25167,Benešov
Pyšely,25167,Praha-východ
Račice-Pístovice,68305,Vyškov
Radějov u Hodonína,69667,Hodonín
Radenín,39120,Tábor
Radešínská Svratka,59233,Žďár nad Sázavou
Radim u Jičína,50712,Jičín
Radim u Kolína,28103,Kolín
Radiměř,56907,Svitavy
Radkovice u Hrotovic,67559,Třebíč
Rádlo,46803,Jablonec nad Nisou
Radnice u Rokycan,33828,Rokycany
Radomyšl,38731,Strakonice
Radonice u Kadaně,43155,Chomutov
Radostín nad Oslavou,59444,Žďár nad Sázavou
Radovesnice,28128,Kolín
Radslavice,75111,Přerov
Raduň,74761,Opava
Radvanice v Čechách,54212,Trutnov
Rájec-Jestřebí,67902,Blansko
Rajhrad,66461,Brno-venkov
Rajnochovice,76871,Kroměříž
Rakovník 1,26901,Rakovník
Rakvice,69103,Břeclav
Raná u Hlinska,53972,Chrudim
Raná u Loun,43924,Louny
Rapotice,67573,Třebíč
Rapotín,78814,Šumperk
Rapšach,37807,Jindřichův Hradec
Rasošky,55221,Náchod
Rataje nad Sázavou,28507,Kutná Hora
Rataje u Kroměříže,76812,Kroměříž
Ratboř,28141,Kolín
Ratiboř u Vsetína,75621,Vsetín
Ratibořské Hory,39142,Tábor
Ratíškovice,69602,Hodonín
Ražice,39822,Písek
Řečany nad Labem,53313,Pardubice
Ředhošť,41120,Litoměřice
Řehlovice,40313,Ústí nad Labem
Řehořov,58824,Jihlava
Řepín,27733,Mělník
Řepníky,53865,Ústí nad Orlicí
Řetová,56141,Ústí nad Orlicí
Řevnice,25230,Praha-západ
Řevnice,25230,Beroun
Řevničov,27054,Rakovník
Řež,25068,Praha-východ
Říčany u Brna,66482,Brno-venkov
Říčany u Prahy,25101,Praha-východ
Říkovice,75118,Přerov
Římov,37324,České Budějovice
Řisuty,27378,Kladno
Řitka,25203,Praha-západ
Ročov,43967,Louny
Rohatec,69601,Hodonín
Rohle,78974,Šumperk
Rohovládova Bělá,53343,Pardubice
Rohozná u Jihlavy,58844,Jihlava
Rohozná u Poličky,56972,Svitavy
Rokycany 1,33701,Rokycany
Rokytnice nad Jizerou 1,51244,Semily
Rokytnice nad Jizerou 3,51245,Semily
Rokytnice nad Rokytnou,67525,Třebíč
Rokytnice u Přerova,75104,Přerov
Rokytnice v Orlických horách,51761,Rychnov nad Kněžnou
Rokytnice v Orlických horách,51761,Ústí nad Orlicí
Ronov nad Doubravou,53842,Chrudim
Roseč,37846,Jindřichův Hradec
Rosice u Brna,66501,Brno-venkov
Rosice u Chrasti,53834,Chrudim
Rosovice,26211,Příbram
Roštín,76803,Kroměříž
Rostoklaty,28171,Kolín
Rotava 1,35701,Sokolov
Rouchovany,67557,Třebíč
Roudnice nad Labem,41301,Litoměřice
Roupov,33453,Plzeň-jih
Rousínov u Vyškova,68301,Vyškov
Rousínov u Vyškova,68301,Brno-venkov
Rovečné,59265,Žďár nad Sázavou
Rovensko pod Troskami,51263,Semily
Rovensko pod Troskami,51263,Jičín
Rožďalovice,28934,Nymburk
Rozhraní,56903,Svitavy
Rožmberk nad Vltavou,38218,Český Krumlov
Rožmitál na Šumavě,38292,Český Krumlov
Rožmitál pod Třemšínem,26242,Příbram
Rožmitál pod Třemšínem,26242,Strakonice
Rožná,59252,Žďár nad Sázavou
Rožnov pod Radhoštěm 1,75661,Vsetín
Rozseč,58866,Jihlava
Rozseč nad Kunštátem,67973,Blansko
Rozsochatec,58272,Havlíčkův Brod
Rozsochy,59257,Žďár nad Sázavou
Rozstání,79862,Prostějov
Roztoky u Jilemnice,51231,Semily
Roztoky u Prahy,25263,Praha-západ
Rtyně nad Bílinou,41762,Teplice
Rtyně v Podkrkonoší,54233,Trutnov
Ruda nad Moravou,78963,Šumperk
Rudíkov,67505,Třebíč
Rudíkov,67505,Žďár nad Sázavou
Rudná u Prahy,25219,Praha-západ
Rudník u Vrchlabí,54372,Trutnov
Rudolfov,37371,České Budějovice
Rudoltice,56125,Ústí nad Orlicí
Rumburk,40801,Děčín
Růžďka,75625,Vsetín
Rybí,74265,Nový Jičín
Rybitví,53354,Pardubice
Rybná nad Zdobnicí,51755,Rychnov nad Kněžnou
Rybniště,40751,Děčín
Rychnov na Moravě,56934,Svitavy
Rychnov nad Kněžnou,51601,Rychnov nad Kněžnou
Rychnov u Jablonce nad Nisou,46802,Jablonec nad Nisou
Rychnov u Nových Hradů,37336,České Budějovice
Rychnovek,55225,Náchod
Rychvald,73532,Karviná
Rýmařov,79501,Bruntál
Rynárec,39401,Pelhřimov
Rynholec,27062,Rakovník
Ryžoviště,79356,Bruntál
Sadská,28912,Nymburk
Šafov,67106,Znojmo
Šakvice,69167,Břeclav
Sány,28906,Nymburk
Šardice,69613,Hodonín
Šatov,67122,Znojmo
Sázava,28506,Benešov
Sázava,28506,Kutná Hora
Sázavka,58244,Havlíčkův Brod
Šebetov,67935,Blansko
Šebkovice,67545,Třebíč
Sebranice u Boskovic,67931,Blansko
Sebranice u Litomyšle,56962,Svitavy
Seč 1,53807,Chrudim
Seč 3,53805,Chrudim
Sedlčany,26401,Příbram
Sedlec u Českých Budějovic,37347,České Budějovice
Sedlec u Mikulova,69121,Břeclav
Sedlec-Prčice 1,25791,Příbram
Sedlec-Prčice 1,25791,Benešov
Sedlec-Prčice 2,25792,Příbram
Sedlice u Blatné,38732,Strakonice
Sedliště,73936,Frýdek-Místek
Sedlnice,74256,Nový Jičín
Semčice,29446,Mladá Boleslav
Semice,28917,Nymburk
Semily,51301,Semily
Senice na Hané,78345,Olomouc
Senohraby,25166,Praha-východ
Senomaty,27031,Rakovník
Šenov u Nového Jičína,74242,Nový Jičín
Šenov u Ostravy,73934,Ostrava-město
Senožaty,39456,Pelhřimov
Sepekov,39851,Písek
Šestajovice,25092,Praha-východ
Ševětín,37363,České Budějovice
Sezemice,53304,Pardubice
Sezimovo Ústí 1,39101,Tábor
Sezimovo Ústí 2,39102,Tábor
Sibřina,25084,Praha-východ
Šilheřovice,74715,Opava
Šitbořice,69176,Břeclav
Skalice nad Svitavou,67901,Blansko
Skalice u České Lípy,47117,Česká Lípa
Skalička u Hranic,75352,Přerov
Skalná,35134,Cheb
Skalsko,29426,Mladá Boleslav
Skočice,38775,Strakonice
Škrdlovice,59221,Žďár nad Sázavou
Skřipov u Opavy,74745,Opava
Skřivany u Nového Bydžova,50352,Hradec Králové
Skryje u Rakovníka,27042,Rakovník
Skuhrov nad Bělou,51703,Rychnov nad Kněžnou
Skuhrov u Havlíčkova Brodu,58241,Havlíčkův Brod
Skuteč,53973,Chrudim
Škvorec,25083,Praha-východ
Slabce,27041,Rakovník
Slabčice,39847,Písek
Slaná u Semil,51201,Semily
Slaný 1,27401,Kladno
Šlapanice,27372,Kladno
Šlapanice u Brna,66451,Brno-venkov
Šlapanov,58251,Havlíčkův Brod
Slapy nad Vltavou,25208,Praha-západ
Slapy nad Vltavou,25208,Benešov
Slapy u Tábora,39176,Tábor
Slatina nad Zdobnicí,51756,Rychnov nad Kněžnou
Slatina u Bílovce,74293,Nový Jičín
Slatiňany,53821,Chrudim
Slatinice,78342,Olomouc
Slatinice,78342,Prostějov
Slavče,37321,České Budějovice
Slavětín nad Ohří,43909,Louny
Slavětín u Litovle,78324,Olomouc
Slavičín,76321,Zlín
Slavíkov,58265,Havlíčkův Brod
Slavkov u Brna,68401,Vyškov
Slavkov u Opavy,74757,Opava
Slavonice,37881,Jindřichův Hradec
Slezské Rudoltice,79397,Bruntál
Sloup v Čechách,47152,Česká Lípa
Sloup v Moravském Krasu,67913,Blansko
Sloupnice,56553,Svitavy
Šluknov,40777,Děčín
Slušovice,76315,Zlín
Smečno,27305,Kladno
Smidary,50353,Hradec Králové
Smilovice u Třince,73955,Frýdek-Místek
Smilovy Hory,39152,Tábor
Smiřice,50303,Hradec Králové
Smolnice,43914,Louny
Smrčná,58801,Jihlava
Smržice,79817,Prostějov
Smržovka,46851,Jablonec nad Nisou
Snědovice,41174,Litoměřice
Sněžné,59203,Žďár nad Sázavou
Soběchleby,75354,Přerov
Soběslav,39201,Tábor
Sobíňov,58262,Havlíčkův Brod
Sobotka,50743,Jičín
Sojovice,29475,Mladá Boleslav
Sokolnice,66452,Brno-venkov
Sokolov 1,35601,Sokolov
Solnice,51701,Rychnov nad Kněžnou
Šonov u Broumova,54971,Náchod
Sopotnice,56115,Ústí nad Orlicí
Soutice,25771,Benešov
Spálené Poříčí,33561,Plzeň-jih
Spálov,74237,Nový Jičín
Špindlerův Mlýn,54351,Trutnov
Spomyšl,27705,Mělník
Spořice,43101,Chomutov
Spytihněv,76364,Zlín
Srbeč,27065,Rakovník
Srbská Kamenice,40715,Děčín
Sruby,56544,Ústí nad Orlicí
Štáblovice,74782,Opava
Stachy,38473,Prachatice
Stachy,38473,Strakonice
Stádlec,39162,Tábor
Šťáhlavy,33203,Plzeň-město
Staňkov,34561,Domažlice
Staňkovice u Žatce,43949,Louny
Stará Červená Voda,79053,Jeseník
Stará Huť u Dobříše,26202,Příbram
Stará Lysá,28926,Nymburk
Stará Paka,50791,Jičín
Stará Paka,50791,Semily
Stará Říše,58867,Jihlava
Stará Ves nad Ondřejnicí,73923,Ostrava-město
Staré Hamry,73915,Frýdek-Místek
Staré Hobzí,37871,Jindřichův Hradec
Staré Hradiště u Pardubic,53352,Pardubice
Staré Křečany,40761,Děčín
Staré Město pod Landštejnem,37882,Jindřichův Hradec
Staré Město pod Sněžníkem,78832,Šumperk
Staré Město u Moravské Třebové,56932,Svitavy
Staré Město u Uherského Hradiště,68603,Uherské Hradiště
Staré Sedliště,34801,Tachov
Staré Splavy,47163,Česká Lípa
Staré Ždánice,53344,Pardubice
Stařeč,67522,Třebíč
Staříč,73943,Frýdek-Místek
Stárkov,54936,Náchod
Starý Bydžov,50357,Hradec Králové
Starý Hrozenkov,68774,Uherské Hradiště
Starý Jičín,74231,Nový Jičín
Starý Kolín,28123,Kolín
Starý Plzenec,33202,Plzeň-město
Starý Poddvorov,69616,Hodonín
Štěchovice,25207,Praha-západ
Stehelčeves,27342,Kladno
Štěkeň,38751,Strakonice
Štěnovice,33209,Plzeň-jih
Štěnovice,33209,Plzeň-město
Štěpánkovice,74728,Opava
Štěpánov nad Svratkou,59263,Žďár nad Sázavou
Štěpánov u Olomouce,78313,Olomouc
Štěpánovice u Českých Budějovic,37373,České Budějovice
Šternberk 1,78501,Olomouc
Štětí,41108,Litoměřice
Stěžery,50321,Hradec Králové
Štítina,74791,Opava
Štítná nad Vláří,76333,Zlín
Štíty,78991,Šumperk
Stochov,27303,Kladno
Stod,33301,Plzeň-jih
Štoky,58253,Havlíčkův Brod
Stonařov,58833,Jihlava
Stonava,73534,Karviná
Stožec,38444,Prachatice
Strachotice,67129,Znojmo
Stračov,50314,Hradec Králové
Strakonice 1,38601,Strakonice
Straky,28925,Nymburk
Štramberk,74266,Nový Jičín
Strančice,25163,Praha-východ
Strání,68765,Uherské Hradiště
Strašice,33845,Rokycany
Straškov-Vodochody,41184,Litoměřice
Stráž nad Nežárkou,37802,Jindřichův Hradec
Stráž nad Nisou,46303,Liberec
Stráž pod Ralskem,47127,Česká Lípa
Strážek,59253,Žďár nad Sázavou
Stražisko,79844,Prostějov
Strážné,54352,Trutnov
Strážnice,69662,Hodonín
Strážný,38443,Prachatice
Strážovice,69638,Hodonín
Středokluky,25268,Praha-západ
Střelice u Brna,66447,Brno-venkov
Střelské Hoštice,38715,Strakonice
Střevač,50722,Jičín
Střezimíř,25787,Benešov
Stříbrná Skalice,28167,Praha-východ
Stříbro,34901,Tachov
Stříbro,34901,Plzeň-sever
Střílky,76804,Kroměříž
Střítež nad Bečvou,75652,Vsetín
Střítež nad Ludinou,75363,Přerov
Střítež u Českého Těšína,73959,Frýdek-Místek
Střítež u Jihlavy,58811,Jihlava
Strmilov,37853,Jindřichův Hradec
Strmilov,37853,Jihlava
Strojetice,43986,Louny
Strunkovice nad Blanicí,38426,Prachatice
Strupčice,43114,Chomutov
Studená,37856,Jindřichův Hradec
Studenec u Horek,51233,Semily
Studénka 3,74213,Nový Jičín
Studnice u Náchoda,54948,Náchod
Studnice u Vyškova,68308,Vyškov
Suchá Loz,68753,Uherské Hradiště
Suchdol nad Lužnicí,37806,Jindřichův Hradec
Suchdol nad Odrou,74201,Nový Jičín
Suchdol u Kutné Hory,28502,Kutná Hora
Suchdol u Prostějova,79845,Prostějov
Suché Lazce,74795,Opava
Suchomasty,26722,Beroun
Suchý Důl,54962,Náchod
Sudice,74725,Opava
Sudkov,78821,Šumperk
Sudoměřice nad Moravou,69666,Hodonín
Sudoměřice u Bechyně,39172,Tábor
Sudoměřice u Tábora,39136,Tábor
Sudslava,56113,Ústí nad Orlicí
Sukorady,41162,Litoměřice
Sulejovice,41111,Litoměřice
Šumavské Hoštice,38471,Prachatice
Šumice,68731,Uherské Hradiště
Šumná,67102,Znojmo
Šumperk 1,78701,Šumperk
Šumvald u Uničova,78385,Olomouc
Supíkovice,79051,Jeseník
Sušice 1,34201,Klatovy
Sušice 1,34201,Strakonice
Svatava,35703,Sokolov
Svatobořice,69604,Hodonín
Svatý Jan nad Malší,37323,České Budějovice
Světec,41753,Teplice
Světlá Hora,79331,Bruntál
Světlá nad Sázavou,58291,Havlíčkův Brod
Světlík,38216,Český Krumlov
Sviadnov,73925,Frýdek-Místek
Svídnice u Chrudimě,53824,Chrudim
Švihov,34012,Plzeň-jih
Švihov,34012,Klatovy
Svinaře,26728,Beroun
Svitávka,67932,Blansko
Svitavy 2,56802,Svitavy
Svoboda nad Úpou,54224,Trutnov
Svojanov,56973,Svitavy
Svojkov,47153,Česká Lípa
Svojšice u Kolína,28107,Kolín
Svojšice u Přelouče,53362,Pardubice
Svor,47151,Česká Lípa
Svratka,59202,Žďár nad Sázavou
Svratouch,53942,Chrudim
Sychrov,46344,Liberec
Syrovice,66467,Brno-venkov
Tábor 1,39001,Tábor
Tábor 2,39002,Tábor
Tábor 3,39003,Tábor
Tábor 4,39156,Tábor
Tábor 5,39005,Tábor
Tachlovice,25217,Praha-západ
Tachov 1,34701,Tachov
Tálín,39815,Písek
Tanvald,46841,Jablonec nad Nisou
Tasov,67579,Žďár nad Sázavou
Tatenice,56131,Ústí nad Orlicí
Tatobity,51253,Semily
Tavíkovice,67140,Znojmo
Těchonín,56166,Ústí nad Orlicí
Telč,58856,Jihlava
Telecí,56994,Svitavy
Telnice,40338,Ústí nad Labem
Telnice u Brna,66459,Brno-venkov
Temelín,37301,České Budějovice
Temelín-elektrárna,37305,České Budějovice
Těmice u Hodonína,69684,Hodonín
Těmice u Kamenice nad Lipou,39496,Pelhřimov
Teplá u Toužimě,36461,Cheb
Teplice 1,41501,Teplice
Teplice 10,41510,Teplice
Teplice 3,41503,Teplice
Teplice nad Metují,54957,Náchod
Terezín,41155,Litoměřice
Těrlicko,73542,Karviná
Těšany,66454,Brno-venkov
Těšetice,78346,Olomouc
Tetčice,66417,Brno-venkov
Tichá,74274,Nový Jičín
Tis u Chotěboře,58243,Havlíčkův Brod
Tisá,40336,Ústí nad Labem
Tišice,27715,Mělník
Tišnov 1,66601,Brno-venkov
Tišnov 3,66603,Brno-venkov
Tištín,79829,Prostějov
Tlučná,33026,Plzeň-sever
Tlumačov,76362,Zlín
Tmaň,26721,Beroun
Tochovice,26281,Příbram
Topolná,68711,Uherské Hradiště
Toužim,36401,Karlovy Vary
Tovačov,75101,Přerov
Traplice,68704,Uherské Hradiště
Třebařov,56933,Svitavy
Třebechovice pod Orebem,50346,Hradec Králové
Třebechovice pod Orebem,50346,Rychnov nad Kněžnou
Třebelovice,67532,Třebíč
Třebenice,41113,Litoměřice
Třebíč 1,67401,Třebíč
Třebívlice,41115,Litoměřice
Třebíz,27375,Kladno
Třebohostice,38737,Strakonice
Třeboň,37901,Jindřichův Hradec
Třeboň,37901,České Budějovice
Třebotov,25226,Praha-západ
Třebotov,25226,Hlavní město Praha
Třebovice,56124,Ústí nad Orlicí
Třemešná u Krnova,79382,Bruntál
Třemošná,33011,Plzeň-sever
Třemošnice,53843,Chrudim
Třešť,58901,Jihlava
Trhanov,34533,Domažlice
Trhová Kamenice,53952,Chrudim
Trhové Sviny,37401,České Budějovice
Trhový Štěpánov,25763,Benešov
Třinec 1,73961,Frýdek-Místek
Trmice,40004,Ústí nad Labem
Trnava u Zlína,76318,Zlín
Trnov u Dobrušky,51733,Rychnov nad Kněžnou
Trnová u Plzně,33013,Plzeň-sever
Trojovice,53833,Chrudim
Troubelice,78383,Olomouc
Troubky nad Bečvou,75102,Přerov
Troubsko,66441,Brno-venkov
Trpín,56974,Svitavy
Trpísty,34972,Tachov
Tršice,78357,Olomouc
Trstěnice u Litomyšle,56957,Svitavy
Třtěnice,50704,Jičín
Trutnov 1,54101,Trutnov
Trutnov 3,54103,Trutnov
Trutnov 4,54102,Trutnov
Tučapy u Soběslavě,39126,Tábor
Tuchlovice,27302,Kladno
Tuchoměřice,25267,Praha-západ
Tuchořice,43969,Louny
Tulešice,67173,Znojmo
Tupadly,28563,Kutná Hora
Tupesy,68707,Uherské Hradiště
Tuřany u Slaného,27379,Kladno
Turkovice u Přelouče,53363,Pardubice
Turnov 1,51101,Semily
Turovec,39121,Tábor
Tursko,25265,Praha-západ
Tvarožná,66405,Brno-venkov
Tvrdonice,69153,Břeclav
Tymákov,33201,Plzeň-město
Týn nad Vltavou 1,37501,České Budějovice
Týn nad Vltavou 1,37501,Tábor
Týn nad Vltavou 1,37501,Písek
Týnec nad Labem,28126,Kolín
Týnec nad Labem,28126,Pardubice
Týnec nad Sázavou,25741,Benešov
Týnec nad Sázavou,25741,Praha-západ
Týnec u Břeclavě,69154,Břeclav
Týniště nad Orlicí,51721,Rychnov nad Kněžnou
Úbislavice,50792,Jičín
Údlice,43141,Chomutov
Uhelná Příbram,58245,Havlíčkův Brod
Uherčice u Hustopečí,69162,Břeclav
Uherčice u Znojma,67107,Znojmo
Uherské Hradiště 1,68601,Uherské Hradiště
Uherské Hradiště 5,68605,Uherské Hradiště
Uherské Hradiště 6,68606,Uherské Hradiště
Uhersko,53373,Pardubice
Uherský Brod 1,68801,Uherské Hradiště
Uherský Brod 3,68734,Uherské Hradiště
Uherský Ostroh,68724,Uherské Hradiště
Uhlířské Janovice,28504,Kutná Hora
Uhlířské Janovice,28504,Kolín
Úhonice,25218,Praha-západ
Úhřetice,53832,Chrudim
Uhřínov,59441,Žďár nad Sázavou
Újezd u Brna,66453,Brno-venkov
Újezd u Uničova,78396,Olomouc
Újezd u Valašských Klobouk,76325,Zlín
Úlibice,50707,Jičín
Úmonín,28546,Kutná Hora
Únanov,67131,Znojmo
Úněšov,33038,Plzeň-sever
Unhošť,27351,Kladno
Unhošť,27351,Praha-západ
Uničov 1,78391,Olomouc
Úpice,54232,Trutnov
Úpice,54232,Náchod
Urbanov,58862,Jihlava
Určice,79804,Prostějov
Úsobí,58254,Havlíčkův Brod
Úsobrno,67939,Blansko
Úsov,78973,Šumperk
Úštěk,41145,Litoměřice
Ústí nad Labem 1,40001,Ústí nad Labem
Ústí nad Labem 10,40010,Ústí nad Labem
Ústí nad Labem 11,40011,Ústí nad Labem
Ústí nad Labem 16,40331,Ústí nad Labem
Ústí nad Labem 17,40321,Ústí nad Labem
Ústí nad Labem 19,40340,Ústí nad Labem
Ústí nad Labem 2,40002,Ústí nad Labem
Ústí nad Labem 20,40322,Ústí nad Labem
Ústí nad Labem 3,40003,Ústí nad Labem
Ústí nad Labem 7,40007,Ústí nad Labem
Ústí nad Orlicí 1,56201,Ústí nad Orlicí
Ústí nad Orlicí 3,56203,Ústí nad Orlicí
Ústí nad Orlicí 4,56204,Ústí nad Orlicí
Ústí nad Orlicí 6,56206,Ústí nad Orlicí
Úterý,33040,Plzeň-sever
Úvalno,79391,Bruntál
Úvaly,25082,Praha-východ
Úvaly,25082,Kolín
Úžice u Kralup nad Vltavou,27745,Mělník
Vacenovice,69606,Hodonín
Vacov,38486,Prachatice
Valašská Bystřice,75627,Vsetín
Valašská Polanka,75611,Vsetín
Valašské Klobouky,76601,Zlín
Valašské Meziříčí 1,75701,Vsetín
Valdice,50711,Jičín
Valeč u Hrotovic,67553,Třebíč
Valkeřice,40724,Děčín
Valteřice,47105,Česká Lípa
Valtice,69142,Břeclav
Vamberk,51754,Rychnov nad Kněžnou
Vanovice,67936,Blansko
Vápenná,79064,Jeseník
Vápno u Přelouče,53316,Pardubice
Varnsdorf 1,40747,Děčín
Varnsdorf 3,40752,Děčín
Vávrovice,74773,Opava
Včelákov,53957,Chrudim
Věcov,59244,Žďár nad Sázavou
Vejprnice,33027,Plzeň-město
Vejprnice,33027,Plzeň-sever
Vejprty,43191,Chomutov
Velehrad,68706,Uherské Hradiště
Velemín,41131,Litoměřice
Velešín,38232,Český Krumlov
Velichovky,55211,Náchod
Velim,28101,Kolín
Veliš u Jičína,50721,Jičín
Velká Bíteš,59501,Žďár nad Sázavou
Velká Bukovina u Děčína,40729,Děčín
Velká Bystřice,78353,Olomouc
Velká Chyška,39428,Pelhřimov
Velká Dobrá,27361,Kladno
Velká Jesenice,55224,Náchod
Velká Kraš,79058,Jeseník
Velká Lečice,26205,Praha-západ
Velká Lečice,26205,Příbram
Velká Losenice,59211,Žďár nad Sázavou
Velká nad Veličkou,69674,Hodonín
Velká Polom,74764,Opava
Velká Polom,74764,Ostrava-město
Velké Albrechtice,74291,Nový Jičín
Velké Bílovice,69102,Břeclav
Velké Březno,40323,Ústí nad Labem
Velké Chvojno,40334,Ústí nad Labem
Velké Hamry,46845,Jablonec nad Nisou
Velké Heraltice,74775,Opava
Velké Hostěrádky,69174,Břeclav
Velké Hoštice,74731,Opava
Velké Karlovice,75606,Vsetín
Velké Kunětice,79052,Jeseník
Velké Losiny,78815,Šumperk
Velké Meziříčí,59401,Žďár nad Sázavou
Velké Němčice,69163,Břeclav
Velké Opatovice,67963,Blansko
Velké Pavlovice,69106,Břeclav
Velké Popovice,25169,Praha-východ
Velké Poříčí,54932,Náchod
Velké Přílepy,25264,Praha-západ
Velké Svatoňovice,54235,Trutnov
Velké Všelisy,29427,Mladá Boleslav
Velký Beranov,58821,Jihlava
Velký Borek,27731,Mělník
Velký Ořechov,76307,Zlín
Velký Osek,28151,Kolín
Velký Šenov,40778,Děčín
Velký Týnec 1,78372,Olomouc
Velký Újezd,78355,Olomouc
Velký Vřešťov,54454,Trutnov
Veltrusy,27746,Mělník
Velvary,27324,Kladno
Vémyslice,67142,Znojmo
Vendolí,56914,Svitavy
Vendryně,73994,Frýdek-Místek
Verměřovice,56152,Ústí nad Orlicí
Verneřice,40725,Děčín
Vernéřovice,54982,Náchod
Veřovice,74273,Nový Jičín
Veselá u Semil,51252,Semily
Veselí nad Lužnicí 1,39181,Tábor
Veselí nad Moravou,69801,Hodonín
Veselíčko u Lipníka nad Bečvou,75125,Přerov
Veselíčko u Milevska,39842,Písek
Věšín,26243,Příbram
Větřkovice u Vítkova,74743,Opava
Větřní,38211,Český Krumlov
Větrný Jeníkov,58842,Jihlava
Veverská Bítýška,66471,Brno-venkov
Veverská Bítýška,66471,Brno-město
Věž,58256,Havlíčkův Brod
Věžnice u Havlíčkova Brodu,58252,Jihlava
Věžnice u Havlíčkova Brodu,58252,Havlíčkův Brod
Víchová nad Jizerou,51241,Semily
Vidče,75653,Vsetín
Vidnava,79055,Jeseník
Vidonín,59457,Žďár nad Sázavou
Vikýřovice,78813,Šumperk
Vílanec,58835,Jihlava
Vilémov u Golčova Jeníkova,58283,Havlíčkův Brod
Vilémov u Kadaně,43154,Chomutov
Vilémov u Šluknova,40780,Děčín
Vimperk,38501,Prachatice
Vimperk,38501,Klatovy
Vinařice u Kladna,27307,Kladno
Vinařice u Loun,43915,Louny
Viničné Šumice,66406,Brno-venkov
Vír,59266,Žďár nad Sázavou
Vísky u Letovic,67933,Blansko
Višňová u Příbramě,26261,Příbram
Višňové u Znojma,67138,Znojmo
Vítějeves,56906,Svitavy
Vitějovice,38427,Prachatice
Vítězná,54462,Trutnov
Vitice,28106,Kolín
Vítkov 1,74901,Opava
Vítkov 3,74747,Opava
Vítkovice v Krkonoších,51238,Semily
Vizovice,76312,Zlín
Vlachovice,76324,Zlín
Vlachovo Březí,38422,Prachatice
Vladislav,67501,Třebíč
Vlasatice,69130,Brno-venkov
Vlašim,25801,Benešov
Vlastějovice,28523,Kutná Hora
Vlčnov,68761,Uherské Hradiště
Vlkaneč,28564,Kutná Hora
Vlkoš u Kyjova,69641,Hodonín
Vlkoš u Přerova,75119,Přerov
Vnorovy,69661,Hodonín
Voděrady u Rychnova nad Kněžnou,51734,Rychnov nad Kněžnou
Vodice u Tábora,39153,Tábor
Vodňany,38901,Strakonice
Vodochody,25069,Praha-východ
Vojkovice nad Ohří,36273,Karlovy Vary
Vojkovice u Kralup nad Vltavou,27744,Mělník
Volary,38451,Prachatice
Volary,38451,Český Krumlov
Volduchy,33822,Rokycany
Volenice,38716,Strakonice
Volfartice,47112,Česká Lípa
Volyně,38701,Strakonice
Vortová,53961,Chrudim
Votice,25901,Benešov
Vraclav,56542,Ústí nad Orlicí
Vracov,69642,Hodonín
Vraňany,27707,Mělník
Vrané nad Vltavou,25246,Praha-západ
Vranov nad Dyjí,67103,Znojmo
Vranov u Brna,66432,Brno-venkov
Vranovice,69125,Brno-venkov
Vraný u Slaného,27373,Kladno
Vratimov 1,73932,Ostrava-město
Vratimov 1,73932,Frýdek-Místek
Vráž u Berouna,26711,Beroun
Vráž u Písku,39832,Písek
Vrbátky,79813,Prostějov
Vrbatův Kostelec,53956,Chrudim
Vrbičany,41121,Litoměřice
Vrbice u Břeclavě,69109,Břeclav
Vrbice u Roudnice nad Labem,41164,Litoměřice
Vrbno nad Lesy,43906,Louny
Vrbno pod Pradědem,79326,Bruntál
Vrbovec,67124,Znojmo
Vrčeň,33541,Plzeň-jih
Vrchlabí 1,54301,Trutnov
Vrchlabí 3,54303,Trutnov
Vrchlabí 4,54302,Trutnov
Vrchotovy Janovice,25753,Benešov
Vrdy,28571,Kutná Hora
Vřesina u Bílovce,74285,Ostrava-město
Vřesina u Hlučína,74720,Opava
Vřesovice,79809,Prostějov
Vroutek,43982,Louny
Vršce,50733,Jičín
Všechovice,75353,Přerov
Všelibice,46348,Liberec
Všeň,51265,Semily
Všenory,25231,Praha-západ
Všeradice,26726,Beroun
Všeruby u Kdyně,34507,Domažlice
Všeruby u Plzně,33016,Plzeň-sever
Všestary,50312,Hradec Králové
Všetaty,27716,Mělník
Vsetín 1,75501,Vsetín
Výdejní místo Běhařovice,67139,Znojmo
Výdejní místo Benetice,67506,Třebíč
Výdejní místo Bílé Poličany,54452,Trutnov
Výdejní místo Bítov,67110,Znojmo
Výdejní místo Boharyně,50323,Hradec Králové
Výdejní místo Božejovice,39132,Tábor
Výdejní místo Branná,78825,Šumperk
Výdejní místo Branná,78825,Jeseník
Výdejní místo Brtníky,40760,Děčín
Výdejní místo Černovice,67975,Blansko
Výdejní místo Červená Voda,56162,Ústí nad Orlicí
Výdejní místo České Libchavy,56114,Ústí nad Orlicí
Výdejní místo Dlouhá Brtnice,58834,Jihlava
Výdejní místo Horní Radouň,37843,Jindřichův Hradec
Výdejní místo Horní Studenec,58264,Havlíčkův Brod
Výdejní místo Jarohněvice,76801,Kroměříž
Výdejní místo Jesenec,79853,Prostějov
Výdejní místo Kalek,43132,Chomutov
Výdejní místo Lahošť,41725,Teplice
Výdejní místo Lichkov,56168,Ústí nad Orlicí
Výdejní místo Lužany,50305,Hradec Králové
Výdejní místo Lužany u Přeštic,33454,Plzeň-jih
Výdejní místo Malá Úpa,54227,Trutnov
Výdejní místo Měděnec,43184,Chomutov
Výdejní místo Mezilesí,54923,Náchod
Výdejní místo Penčice,75127,Přerov
Výdejní místo Písečná,56170,Ústí nad Orlicí
Výdejní místo Pluhův Žďár,37824,Jindřichův Hradec
Výdejní místo Polubný,46850,Jablonec nad Nisou
Výdejní místo Popelín,37855,Jindřichův Hradec
Výdejní místo Příchovice,46848,Jablonec nad Nisou
Výdejní místo Prosečné,54373,Trutnov
Výdejní místo Purkarec,37343,České Budějovice
Výdejní místo Radonice,25074,Praha-východ
Výdejní místo Šárovcova Lhota,50759,Jičín
Výdejní místo Sebuzín,40302,Ústí nad Labem
Výdejní místo Slatina nad Úpou,54947,Náchod
Výdejní místo Stěbořice,74751,Opava
Výdejní místo Stříbřec,37818,Jindřichův Hradec
Výdejní místo Střížovice,33207,Plzeň-jih
Výdejní místo Stvolínky,47102,Česká Lípa
Výdejní místo Unín,67924,Brno-venkov
Výdejní místo Vlastislav,41114,Litoměřice
Výdejní místo Vrskmaň,43115,Chomutov
Výdejní místo Výsluní,43183,Chomutov
Výdejní místo Vysokov,54912,Náchod
Výdejní místo Žireč,54404,Trutnov
Vyklantice,39427,Pelhřimov
Výprachtice,56134,Ústí nad Orlicí
Vyskeř,51264,Semily
Vyškov 1,68201,Vyškov
Vyskytná nad Jihlavou,58841,Jihlava
Vyskytná u Pelhřimova,39405,Pelhřimov
Vysoká nad Labem,50331,Hradec Králové
Vysoká Pec,43159,Chomutov
Vysoká u Mělníka,27724,Mělník
Vysoké Chvojno,53321,Pardubice
Vysoké Mýto,56601,Ústí nad Orlicí
Vysoké nad Jizerou,51211,Semily
Vysoké Veselí,50703,Jičín
Vysoké Veselí,50703,Hradec Králové
Vysoký Chlumec,26252,Příbram
Vysoký Újezd u Berouna,26716,Beroun
Vyšší Brod,38273,Český Krumlov
Žabčice,66463,Brno-venkov
Záblatí u Prachatic,38433,Prachatice
Záboří nad Labem,28574,Kutná Hora
Záboří u Blatné,38734,Strakonice
Zábřeh,78901,Šumperk
Zabrušany,41771,Teplice
Záchlumí,56186,Ústí nad Orlicí
Žacléř,54201,Trutnov
Zadní Třebaň,26729,Beroun
Žádovice,69649,Hodonín
Záhoří u Písku,39818,Písek
Zahrádky u České Lípy,47101,Česká Lípa
Zaječí,69105,Břeclav
Zaječice,53835,Chrudim
Zaječov,26763,Beroun
Zákolany,27328,Kladno
Zákupy,47123,Česká Lípa
Žalany,41763,Teplice
Žalhostice,41101,Litoměřice
Zalužany,26284,Příbram
Žamberk,56401,Ústí nad Orlicí
Zámrsk,56543,Ústí nad Orlicí
Žandov u České Lípy,47107,Česká Lípa
Žarošice,69634,Hodonín
Zásada,46825,Jablonec nad Nisou
Zásmuky,28144,Kolín
Zašová,75651,Vsetín
Zastávka u Brna,66484,Brno-venkov
Žatec 1,43801,Louny
Žatec 1,43801,Chomutov
Zátor,79316,Bruntál
Zbečno,27024,Rakovník
Zbiroh,33808,Rokycany
Zborovice,76832,Kroměříž
Zbraslav u Brna,66488,Brno-venkov
Zbraslavice,28521,Kutná Hora
Zbůch,33022,Plzeň-sever
Zbýšov u Brna,66411,Brno-venkov
Zbýšov v Čechách,28565,Kutná Hora
Zbytiny,38441,Prachatice
Ždánice,69632,Hodonín
Žďár nad Metují,54955,Náchod
Žďár nad Orlicí,51723,Rychnov nad Kněžnou
Žďár nad Sázavou 1,59101,Žďár nad Sázavou
Žďár nad Sázavou 2,59102,Žďár nad Sázavou
Žďár u Mnichova Hradiště,29412,Mladá Boleslav
Žďárec,59456,Brno-venkov
Žďárky,54937,Náchod
Žďárná,67952,Blansko
Zděchov,75607,Vsetín
Zdechovice,53311,Pardubice
Zdiby,25066,Praha-východ
Zdice,26751,Beroun
Zdíkov,38472,Prachatice
Ždírec nad Doubravou,58263,Havlíčkův Brod
Zdislavice,25764,Benešov
Zdounky,76802,Kroměříž
Žebrák,26753,Beroun
Žehuň,28905,Nymburk
Žehuň,28905,Kolín
Žehušice,28575,Kutná Hora
Želatovice,75116,Přerov
Želeč u Tábora,39174,Tábor
Želechovice nad Dřevnicí,76311,Zlín
Zelená,43102,Chomutov
Zeleneč v Čechách,25091,Praha-východ
Želešice,66443,Brno-venkov
Želetava,67526,Třebíč
Želetava,67526,Jihlava
Želetice u Kyjova,69637,Hodonín
Železná Ruda,34004,Klatovy
Železnice,50713,Semily
Železnice,50713,Jičín
Železný Brod,46822,Jablonec nad Nisou
Želiv,39444,Pelhřimov
Ženklava,74267,Nový Jičín
Žeravice,69647,Hodonín
Žeretice,50702,Jičín
Zhoř u Jihlavy,58826,Jihlava
Židlochovice,66701,Brno-venkov
Žihle,33165,Plzeň-sever
Žimutice,37366,České Budějovice
Žinkovy,33554,Plzeň-jih
Žirovnice,39468,Pelhřimov
Žitenice,41141,Litoměřice
Živanice,53342,Pardubice
Žiželice nad Cidlinou,28129,Kolín
Zlatá Koruna,38202,Český Krumlov
Zlatá Olešnice,46847,Jablonec nad Nisou
Zlaté Hory v Jeseníkách,79376,Jeseník
Žleby,28561,Kutná Hora
Zlechov,68710,Uherské Hradiště
Zlín 1,76001,Zlín
Zlín 12,76314,Zlín
Zlín 4,76302,Zlín
Zlín 5,76005,Zlín
Zliv,37344,České Budějovice
Zlobice,76831,Kroměříž
Zlonice,27371,Kladno
Žlunice,50734,Jičín
Žlutice,36452,Karlovy Vary
Znojmo 2,66902,Znojmo
Znojmo 4,66904,Znojmo
Znojmo 5,67181,Znojmo
Zruč nad Sázavou 1,28522,Kutná Hora
Zruč-Senec,33008,Plzeň-sever
Zubří,75654,Vsetín
Žulová,79065,Jeseník
Žumberk,53836,Chrudim
Zvěřínek,28913,Nymburk
Zvěstov,25705,Benešov
Zvole nad Pernštejnem,59256,Žďár nad Sázavou
Zvole u Prahy,25245,Praha-západ
Zvoleněves,27325,Kladno
Zvoleněves,27325,Mělník
